timestamp,ax,ay,az,gx,gy,gz
3.3794360160827637,-0.21,-1.03,0.47,180,-12,-941
3.440762996673584,-0.98,-1.77,0.57,115,-72,-96
3.49858021736145,-1.16,-2.16,0.63,123,-37,60
3.560760021209717,-1.16,-2.27,0.69,74,-11,-4
3.621957302093506,-1.30,-2.42,0.87,72,-20,-8
3.6848740577697754,-1.47,-2.61,0.86,45,10,29
3.7399024963378906,-1.61,-2.68,0.77,79,18,24
3.8013815879821777,-1.77,-2.67,0.80,68,-2,-1
3.8594086170196533,-1.87,-2.55,0.83,29,19,42
3.9205169677734375,-1.86,-2.33,0.63,-21,5,140
3.975400447845459,-1.62,-1.14,0.24,3,43,144
4.040289402008057,-1.20,0.62,-0.17,-100,92,35
4.0997302532196045,-0.93,2.13,-0.31,-119,46,-11
4.1613123416900635,-0.87,3.23,-0.30,-118,80,-63
4.219808578491211,-0.60,4.72,-0.05,-117,50,10
4.2780046463012695,-0.59,6.26,0.36,-166,68,-76
4.339089632034302,-0.23,7.23,0.88,-144,-3,76
4.400227308273315,0.05,7.89,1.62,-105,90,-345
4.461697101593018,0.46,8.72,2.62,-147,-64,318
4.519484758377075,0.65,9.55,3.61,72,94,-111
4.5814008712768555,0.83,11.61,4.74,-127,-42,303
4.6421473026275635,0.64,14.56,5.44,-291,80,-85
4.698931694030762,0.38,17.13,5.78,-393,66,-288
4.760930061340332,-0.13,20.14,5.99,-376,180,-275
4.82249116897583,-0.51,22.39,6.05,-495,20,-241
4.878790855407715,-0.73,23.62,5.85,-282,138,-245
4.940805673599243,-1.02,24.97,5.71,-201,48,95
5.002774953842163,-1.03,26.98,5.51,-188,151,108
5.059886932373047,-1.00,28.58,4.90,-94,134,-183
5.121350049972534,-1.04,30.40,4.63,-373,139,-257
5.182719469070435,-0.88,31.59,4.34,-385,80,-186
5.23259711265564,-0.98,32.70,4.27,-313,150,-100
5.301810264587402,-0.98,33.79,4.05,-270,139,-175
5.362732887268066,-1.07,35.10,3.91,-217,144,-11
5.420673131942749,-1.19,37.10,3.61,-245,154,-146
5.481644153594971,-1.31,38.48,3.40,-170,154,-80
5.542738437652588,-1.62,39.74,3.04,-211,160,-106
5.5995447635650635,-1.95,41.17,2.95,-439,124,-219
5.661430835723877,-2.48,40.88,2.61,-97,101,-92
5.722196817398071,-3.35,40.14,2.08,-364,184,-516
5.780095100402832,-3.66,39.34,2.00,-193,23,-319
5.842101812362671,-4.90,36.52,1.21,-82,182,-418
5.902132272720337,-5.54,33.52,0.92,-210,65,-420
5.96047830581665,-6.40,27.64,0.56,237,320,-755
6.021437883377075,-6.37,24.29,1.18,-62,141,-74
6.082864999771118,-7.20,19.16,1.48,357,263,-417
6.14070725440979,-6.92,16.56,2.62,-53,-70,131
6.201702833175659,-6.74,12.42,2.51,356,47,-58
6.260735034942627,-7.02,10.46,2.30,-62,79,-179
6.3219687938690186,-6.98,5.12,2.08,166,130,-407
6.382830381393433,-6.55,1.78,2.48,93,122,-97
6.4407877922058105,-6.32,-2.18,2.79,482,185,-157
6.502164840698242,-6.19,-4.77,3.16,141,64,207
6.5629332065582275,-6.39,-7.73,3.37,208,108,138
6.620842695236206,-6.48,-10.83,3.54,130,169,217
6.682389974594116,-7.16,-14.13,4.40,232,80,127
6.742808103561401,-6.87,-15.51,4.96,221,156,153
6.8007652759552,-6.84,-16.98,5.96,21,109,161
6.862895965576172,-6.12,-14.01,7.50,-52,140,298
6.923410654067993,-5.78,-11.08,8.93,-140,57,90
6.981478214263916,-5.50,-6.48,10.65,-46,-154,-12
7.043066740036011,-5.28,-3.25,10.84,-684,-150,-274
7.104021787643433,-4.33,-1.88,11.50,-365,-48,-143
7.158149480819702,-3.51,-1.14,12.57,-207,48,-104
7.222522735595703,-2.84,-0.19,13.47,-128,61,-55
7.284531831741333,-2.46,0.70,14.63,-173,8,-123
7.341782093048096,-1.84,2.06,18.10,-202,-86,-19
7.403359651565552,-1.39,2.76,20.79,-300,-112,63
7.464720964431763,-1.35,3.70,23.55,-191,-141,-345
7.521209955215454,-1.23,4.27,26.82,-296,-129,-105
7.582635164260864,-1.27,4.86,29.16,-218,-58,-303
7.644725322723389,-1.65,5.78,30.77,-277,-76,-343
7.702473878860474,-2.00,6.07,31.91,-170,26,-352
7.763117790222168,-2.29,6.76,32.65,-314,11,-321
7.824219703674316,-2.21,6.83,33.23,-180,-5,-196
7.8813862800598145,-2.37,7.13,33.27,-310,-75,-434
7.943241596221924,-2.48,7.00,32.99,-186,-43,-397
8.003974199295044,-2.79,7.06,32.45,-158,-17,-403
8.061395645141602,-3.16,6.96,31.61,-216,-84,-521
8.123149156570435,-3.26,7.13,30.40,-368,24,-18
8.181438207626343,-3.34,6.68,29.49,-322,6,-467
8.243239641189575,-3.29,5.58,28.79,75,307,-156
8.30394959449768,-3.85,5.63,28.06,224,233,-201
8.361849308013916,-4.74,6.15,27.23,141,281,-307
8.423971176147461,-5.20,7.07,26.80,-331,159,-282
8.484731197357178,-5.31,6.69,26.15,-278,163,-149
8.540840148925781,-5.64,6.80,25.57,-205,-20,-417
8.603691577911377,-5.68,6.92,25.16,-389,-69,-282
8.664808750152588,-5.51,7.53,24.97,-294,-65,-236
8.72230577468872,-5.36,7.30,24.70,-333,-52,-439
8.783384799957275,-5.20,7.14,24.63,-245,15,-347
8.84424114227295,-5.07,6.72,24.51,-211,92,-338
8.902946710586548,-5.10,6.42,24.44,-158,154,15
8.964264392852783,-5.33,6.47,24.16,-50,104,-80
9.024251222610474,-5.48,6.80,24.06,-138,-47,-238
9.082019805908203,-5.56,6.80,23.93,-66,20,-279
9.14313268661499,-5.75,6.99,23.76,-245,43,-332
9.204422235488892,-6.13,6.99,23.33,-171,125,-246
9.262730836868286,-6.38,6.77,22.94,-35,183,-115
9.324587345123291,-6.76,6.86,22.61,-89,83,-316
9.384185552597046,-7.09,6.76,22.42,-48,104,-217
9.442122220993042,-7.75,7.03,22.30,-67,14,-341
9.504539728164673,-8.51,7.42,22.08,-243,55,-116
9.564960241317749,-9.76,7.12,21.82,-222,65,-146
9.623085737228394,-10.73,7.42,21.56,-83,34,-162
9.68373703956604,-11.50,7.68,21.30,-145,85,-118
9.745089769363403,-11.54,7.70,21.42,-166,4,-236
9.803356409072876,-11.61,8.02,21.41,-147,-2,-187
9.864092588424683,-11.34,7.83,21.44,-213,9,-373
9.925109148025513,-9.60,7.47,22.52,-160,-43,-280
9.982379674911499,-8.25,7.07,23.64,-39,65,-71
10.045443058013916,-5.94,6.88,25.67,-105,-28,-277
10.102694034576416,-4.13,6.46,27.97,-148,174,352
10.164804697036743,-3.30,7.20,29.91,-288,-153,-508
10.224745512008667,-2.63,7.56,32.12,-409,-169,-251
10.2832670211792,-1.68,7.87,33.75,-229,-144,-355
10.344852685928345,-0.72,8.59,35.45,-331,-268,-277
10.405596494674683,-0.17,8.97,37.11,-149,10,-147
10.463676691055298,0.20,9.37,38.46,-92,75,41
10.524719476699829,-0.09,10.19,39.50,-242,-37,-403
10.586170434951782,-0.03,10.47,40.43,-527,-304,-542
10.64389944076538,0.22,9.99,40.12,-218,-23,-797
10.705170154571533,0.52,8.23,39.84,-169,-48,-535
10.766413927078247,0.18,7.12,39.04,-206,-93,-584
10.821880578994751,1.07,4.32,37.70,-214,-74,-550
10.885152578353882,1.99,1.92,36.63,-50,61,-444
10.94652509689331,3.38,-2.46,35.83,-96,-15,-329
10.995425462722778,4.16,-3.37,34.92,12,100,-364
11.065000534057617,3.78,-3.15,33.83,-260,-11,-266
11.125448942184448,1.98,-2.58,30.79,-234,507,-84
11.184496402740479,-0.55,0.63,27.77,-180,307,-335
11.245915174484253,-4.21,1.60,23.47,-358,167,-515
11.306188583374023,-4.88,1.16,16.84,71,680,-592
11.363540887832642,-5.47,0.48,9.92,-345,237,-47
11.424935102462769,-6.58,-0.95,6.40,8,450,69
11.483455657958984,-9.53,-1.39,3.98,-63,96,144
11.543212652206421,-11.26,-1.45,2.74,-29,128,73
11.605486869812012,-11.31,-1.50,1.91,-119,-138,-66
11.66587495803833,-6.47,-3.09,-0.11,-196,195,114
11.72094178199768,-0.96,-2.38,0.10,-77,107,85
11.785401105880737,5.30,-1.43,0.59,-110,221,-39
11.846478700637817,8.72,-1.07,0.82,-103,282,-110
11.904994010925293,11.92,-1.18,0.31,-151,248,-6
11.96675729751587,13.30,-0.98,0.34,-199,209,19
12.018721580505371,14.98,-0.95,-0.20,-324,84,-46
12.08602261543274,17.44,-1.78,-1.65,-259,66,15
12.14714789390564,18.58,-1.36,-3.05,-240,105,56
12.2047119140625,17.84,-0.87,-4.06,-218,603,124
12.265067338943481,20.07,-1.23,-4.26,-245,248,74
12.32675576210022,22.66,-1.14,-4.26,-378,277,53
12.384810447692871,25.58,-1.01,-4.36,-433,120,25
12.446271896362305,28.26,-0.88,-4.32,-263,250,35
12.506874322891235,30.87,-0.74,-4.34,-322,291,47
12.565035343170166,33.26,-0.62,-4.35,-310,172,29
12.626402854919434,36.03,-0.50,-4.34,-306,309,37
12.68749713897705,39.68,-0.40,-4.36,-509,115,48
12.745826005935669,42.02,-0.38,-4.34,-497,267,47
12.806740045547485,43.42,-0.40,-4.31,-444,231,45
12.867019176483154,44.69,-0.42,-4.31,-413,181,36
12.92585825920105,45.14,-0.53,-4.28,-469,239,40
12.987211227416992,45.10,-0.62,-4.26,-393,210,35
13.048041105270386,44.36,-0.74,-4.22,-330,221,39
13.105093479156494,42.41,-0.91,-4.14,-332,265,25
13.166853666305542,38.69,-1.21,-3.97,-267,403,54
13.226645231246948,33.91,-1.12,-3.65,-395,-4,35
13.285659551620483,26.34,-1.30,-2.36,-237,228,74
13.346247911453247,20.90,-0.13,-1.48,-146,-37,150
13.406784772872925,12.85,3.19,0.54,-96,246,163
13.465417623519897,9.82,5.81,0.61,-131,-170,-11
13.525798320770264,8.67,8.66,0.84,-395,-155,162
13.583849430084229,7.91,11.62,0.03,-503,63,-259
13.645858764648438,7.44,14.12,0.78,1,-119,117
13.706411838531494,6.97,17.11,1.02,-348,-57,-106
13.763805150985718,6.01,19.85,1.01,-605,-32,329
13.825570344924927,5.76,24.02,1.12,-465,-43,123
13.886891603469849,5.66,27.47,0.90,-257,457,-569
13.945510387420654,4.85,32.52,1.20,-326,-114,293
14.007197141647339,4.62,34.75,1.02,-634,-78,-247
14.068062543869019,5.33,37.29,1.19,-300,165,-172
14.126053094863892,5.53,39.59,1.26,-458,-51,24
14.187018871307373,5.69,41.53,0.92,-209,227,-285
14.248385429382324,5.47,44.27,1.14,-511,-41,-56
14.306185007095337,5.55,45.81,1.06,-133,56,-196
14.367138385772705,4.70,47.36,0.74,-268,3,66
14.42818808555603,2.03,47.29,1.31,-136,143,-600
14.486505508422852,0.62,49.73,1.83,-505,88,282
14.54758882522583,0.31,51.42,2.00,-393,60,-215
14.608834266662598,-0.85,53.94,1.67,-413,19,-60
14.666490316390991,-1.77,55.28,1.48,-294,134,-338
14.727747917175293,-2.57,57.29,0.91,-300,89,34
14.789076089859009,-3.03,58.22,1.19,-325,56,-186
14.847115516662598,-3.13,60.07,1.77,-486,87,-110
14.90639615058899,-3.43,60.89,1.93,-342,44,-178
14.968422651290894,-3.92,62.07,2.01,-393,101,-110
15.027023792266846,-4.35,63.31,1.94,-432,100,-101
15.088680028915405,-4.43,64.14,2.07,-271,130,-161
15.14888048171997,-4.85,65.00,2.20,-502,158,-209
15.20606803894043,-5.19,65.58,2.68,-250,150,-72
15.267856359481812,-5.95,66.62,2.76,-352,106,-9
15.328692436218262,-7.05,67.64,1.43,-322,204,-104
15.38664698600769,-7.58,68.78,1.50,-373,53,-74
15.448199987411499,-8.52,69.98,1.28,-357,202,-75
15.505401849746704,-11.03,72.22,0.84,-294,55,141
15.566797971725464,-12.66,74.44,0.06,-594,89,9
15.628640174865723,-13.61,75.99,-0.48,-472,208,-188
15.684765815734863,-18.16,79.01,0.30,-240,76,276
15.746587038040161,-21.58,80.13,-4.85,-378,237,-326
15.808581113815308,-25.03,81.76,-6.64,-256,148,47
15.866952180862427,-27.56,82.23,-8.03,-551,66,-36
15.928049087524414,-30.63,83.25,-8.81,-362,161,23
15.98777151107788,-34.82,83.86,-10.73,-449,90,-95
16.04670262336731,-34.56,83.89,-10.67,-338,200,-252
16.108146905899048,-36.48,84.50,-9.03,-278,97,0
16.169644594192505,-39.15,85.03,-8.94,-285,135,-41
16.227643251419067,-44.04,85.91,-7.74,-351,97,26
16.28906488418579,-48.04,86.45,-8.51,-262,94,4
16.34911561012268,-52.91,87.13,-6.87,-381,76,89
16.407264232635498,-55.38,87.48,-4.50,-392,98,-68
16.468770027160645,-50.73,87.27,-0.20,-436,136,-221
16.530109882354736,-41.75,86.29,-1.87,-224,166,-210
16.588057041168213,-31.06,84.30,2.42,-600,-118,-387
16.64932107925415,-20.47,80.06,10.51,-356,264,-312
16.71013832092285,-15.21,75.35,9.35,-532,-422,-559
16.766844511032104,-10.96,67.33,16.05,-406,59,-465
16.829097270965576,-8.78,59.45,15.27,-462,168,-615
16.889774799346924,-5.41,53.28,15.54,-215,-42,-548
16.94782257080078,-2.75,48.18,15.48,-556,40,-269
17.009503602981567,-1.03,41.60,13.25,-297,40,-371
17.067107677459717,0.84,36.28,13.20,-12,261,-18
17.128348112106323,0.96,28.83,11.13,-97,128,-484
17.189224004745483,1.43,22.90,11.33,328,254,37
17.246325969696045,0.95,16.95,10.46,11,93,-281
17.307809114456177,1.14,11.94,10.43,124,211,-17
17.369469165802002,0.76,6.28,10.43,-249,4,-125
17.425729751586914,1.49,0.21,10.47,324,220,156
17.486445903778076,2.03,-4.33,11.38,527,360,760
17.549619674682617,2.41,-8.37,11.47,-39,51,103
17.606817483901978,3.32,-12.64,12.45,340,113,-10
17.66814875602722,4.02,-14.88,13.24,-88,42,-142
17.729381322860718,4.82,-18.08,13.88,-74,8,45
17.787651300430298,6.09,-20.58,14.03,219,171,-108
17.84900999069214,6.46,-22.23,14.66,-142,117,-62
17.910515546798706,7.57,-24.90,15.06,62,151,56
17.967199325561523,7.91,-26.27,15.97,166,171,137
18.029292106628418,8.09,-27.23,16.71,-150,-28,-32
18.090702056884766,8.05,-28.68,17.92,122,156,25
18.148676872253418,7.91,-30.17,18.68,-304,97,-39
18.21012043952942,8.35,-33.03,19.26,276,150,101
18.269933938980103,8.47,-33.98,19.53,-130,123,20
18.328702926635742,9.02,-36.50,20.20,230,113,214
18.38913369178772,9.26,-36.68,20.26,-65,96,56
18.451085090637207,9.73,-37.39,20.49,-82,94,-48
18.50772452354431,9.87,-37.55,20.59,-48,89,61
18.570029258728027,9.99,-38.17,20.80,-114,62,15
18.630730390548706,10.06,-38.77,20.88,-50,92,65
18.689120769500732,9.69,-38.15,20.54,-161,172,-87
18.749372243881226,9.36,-38.40,20.71,-64,92,28
18.810866355895996,9.26,-38.14,20.58,-124,71,-14
18.86991047859192,8.89,-36.70,20.09,-239,-33,-82
18.9308762550354,7.80,-32.60,19.40,-176,223,-134
18.99111032485962,7.04,-30.57,19.05,-445,24,-212
19.049525260925293,6.07,-23.58,18.50,-77,272,-235
19.10975217819214,5.48,-19.90,18.37,-843,135,257
19.17042303085327,6.16,-17.98,18.68,-563,-10,194
19.227872848510742,6.94,-13.68,19.56,-418,-54,8
19.2903470993042,7.40,-9.35,21.46,-505,-301,-221
19.351956129074097,9.38,-6.41,27.07,-701,-423,-213
19.40977120399475,9.90,-4.87,32.11,-137,-108,101
19.470219373703003,8.78,-1.98,34.05,-283,-157,-554
19.52847909927368,7.17,-0.03,36.55,-507,-158,-249
19.589953660964966,6.13,1.38,37.92,-644,-163,-385
19.650495529174805,5.09,2.36,39.22,-349,-16,-101
19.708195686340332,4.17,3.20,40.45,-450,-92,-137
19.7704119682312,3.13,3.96,41.45,-296,-157,-616
19.831892013549805,2.29,4.48,42.91,-338,-112,-311
19.88939619064331,0.75,5.54,44.40,-104,-187,-476
19.950865983963013,-0.41,6.34,45.60,-447,-256,-243
20.01211667060852,-1.22,6.58,46.69,-236,-228,-363
20.070077657699585,-1.85,6.83,47.83,-406,-228,-285
20.130794286727905,-2.40,7.22,48.62,-86,-56,-343
20.192327976226807,-2.73,7.39,49.78,-443,-125,65
20.248730897903442,-2.36,7.00,50.49,57,-130,-413
20.311088800430298,-2.66,7.01,50.84,-151,-83,-390
20.372647523880005,-2.95,7.36,51.70,-315,-122,-221
20.429850339889526,-3.15,7.76,52.20,-397,-179,-405
20.49163007736206,-3.17,7.89,52.90,-407,-206,-97
20.55178666114807,-3.06,7.89,53.10,-130,-258,-684
20.610612630844116,-3.16,7.87,53.33,-149,-160,-370
20.6713764667511,-3.19,8.05,53.66,-333,-204,-451
20.73246431350708,-3.22,7.89,53.81,-172,-62,-293
20.790687561035156,-3.34,7.85,54.22,-369,-238,-420
20.851226329803467,-3.26,7.85,54.44,-199,-274,-417
20.913004398345947,-3.25,8.20,54.71,-333,-277,-376
20.970160484313965,-2.89,8.01,55.05,-179,-144,-305
21.03159809112549,-2.71,8.21,55.22,-298,-117,-313
21.088674545288086,-2.82,8.27,55.41,-169,-95,-305
21.149934768676758,-2.87,8.24,55.54,-375,-295,-465
21.211857080459595,-2.80,8.17,55.82,-225,-222,-289
21.268502950668335,-2.75,8.29,55.94,-278,-251,-372
21.330435037612915,-2.78,8.34,56.11,-329,-249,-402
21.391844272613525,-2.51,8.13,56.27,-170,-159,-435
21.45080327987671,-2.53,8.18,56.44,-227,-115,-202
21.51046323776245,-2.57,8.33,56.57,-204,-237,-432
21.571643352508545,-2.65,8.41,56.56,-248,-251,-420
21.629191160202026,-2.62,8.25,56.54,-243,-187,-403
21.68326759338379,-2.59,8.31,56.56,-284,-193,-334
21.752368688583374,-2.60,8.21,56.61,-242,-232,-290
21.810757160186768,-2.48,8.18,56.61,-208,-154,-274
21.87192988395691,-2.46,8.07,56.50,-201,-154,-362
21.93331742286682,-2.55,8.39,56.21,-212,-218,-406
21.991395950317383,-3.76,10.10,55.31,-422,-216,-443
22.051875829696655,-4.63,11.20,53.70,-244,-197,-584
22.112454175949097,-6.02,12.27,51.97,-398,-93,-278
22.171841859817505,-7.03,13.03,50.00,-276,-199,-676
22.23189878463745,-7.14,12.80,48.49,-200,-37,-49
22.292783975601196,-7.15,12.90,46.29,60,-75,-499
22.35155987739563,-7.98,13.56,44.17,-522,-317,-899
22.412670612335205,-8.36,12.87,43.59,-93,-248,-535
22.47406578063965,-8.30,12.77,42.34,-440,-242,-327
22.531705617904663,-7.78,11.70,41.39,-87,-223,-394
22.592934131622314,-7.57,11.35,40.16,-110,-64,-127
22.6534366607666,-6.91,9.84,39.57,-212,-130,-266
22.711575984954834,-6.37,9.41,38.73,72,-33,-48
22.773125886917114,-5.40,8.34,36.69,-23,51,41
22.83081603050232,-4.84,7.73,34.69,-20,275,-331
22.886862754821777,-6.19,7.80,33.21,-117,-21,-268
22.952537059783936,-8.86,8.00,29.87,-345,83,-386
23.013667583465576,-10.13,8.23,25.39,-380,335,-369
23.071754693984985,-12.60,8.82,20.79,-261,42,-346
23.132635831832886,-15.29,8.35,17.59,145,213,-154
23.190051555633545,-18.32,9.18,14.91,-146,-257,64
23.2513427734375,-21.78,9.68,14.16,-274,44,-122
23.312981367111206,-26.00,11.86,12.74,351,519,-150
23.370760679244995,-30.01,11.38,13.77,-88,-689,-92
23.431499242782593,-28.21,9.01,15.36,319,-47,-348
23.49188542366028,-27.92,5.48,16.77,-309,-526,6
23.551077365875244,-27.34,4.69,16.69,274,-170,111
23.612622499465942,-30.89,8.38,15.24,-456,-168,-41
23.67398476600647,-32.35,9.34,14.47,-219,-257,-97
23.732470750808716,-34.42,8.44,15.34,-44,-73,-71
23.792933702468872,-35.83,8.46,15.97,264,-215,-129
23.854480504989624,-37.91,8.96,16.96,-308,-232,-71
23.91234278678894,-39.24,9.40,16.91,-172,-72,-105
23.973406553268433,-39.74,11.30,16.88,-58,-122,-96
24.03405523300171,-39.65,11.86,17.19,46,-69,141
24.08398175239563,-38.98,12.31,16.35,-70,-60,-195
24.148024082183838,-36.36,12.45,17.09,-67,-39,0
24.214516639709473,-32.59,12.68,19.10,-159,44,-279
24.272246599197388,-31.30,12.64,20.20,-194,-57,-124
24.334149837493896,-30.95,13.87,20.61,-146,-201,-173
24.39469599723816,-30.62,14.05,21.36,-269,-245,-255
24.45293879508972,-30.41,14.37,21.39,-258,-76,-302
24.513962507247925,-30.28,14.29,21.88,-285,37,-152
24.575312614440918,-30.20,14.64,21.89,-101,31,-319
24.63357973098755,-30.10,14.54,21.99,-64,-70,-378
24.694267749786377,-30.57,14.32,22.29,-107,-175,58
24.75184988975525,-30.96,14.27,22.81,-143,-17,-512
24.813369274139404,-30.76,14.10,23.18,-356,65,-171
24.871044158935547,-30.70,13.81,23.47,-315,30,-286
24.93187713623047,-30.59,13.99,23.51,-119,-104,-226
24.99255895614624,-30.44,13.82,23.58,-110,-61,-212
25.053561210632324,-30.40,13.99,23.34,-155,-131,-93
25.108137369155884,-30.34,13.89,23.28,-243,-311,-278
25.17195177078247,-30.09,13.62,22.98,-158,-245,-36
25.233789443969727,-30.02,13.33,22.68,-316,-80,-145
25.29191017150879,-29.68,12.89,22.44,-88,-35,-142
25.353005170822144,-29.45,13.27,22.00,-158,-64,-373
25.413690328598022,-28.99,13.23,21.74,-155,30,-77
25.471871852874756,-28.55,13.95,21.21,-195,20,-294
25.533788204193115,-27.94,14.31,20.81,-356,65,-300
25.59463596343994,-27.34,13.98,20.69,-222,91,-248
25.653244256973267,-26.73,14.43,20.54,-114,61,-182
25.714656114578247,-26.11,14.41,20.15,-171,236,-391
25.774899005889893,-25.74,14.96,20.38,-340,295,-30
25.83381724357605,-25.34,15.34,20.34,-296,211,-226
25.894246101379395,-24.98,15.41,20.29,-291,137,-506
25.955737113952637,-24.81,15.38,20.45,-231,239,-227
26.012974500656128,-24.44,15.10,20.62,-138,409,-371
26.07388210296631,-24.32,15.24,20.79,-172,464,-234
26.135382890701294,-24.48,15.20,21.11,46,401,-310
26.191997528076172,-24.75,15.04,21.27,-93,238,-401
26.254746437072754,-25.13,15.27,21.61,-352,159,-346
26.316142559051514,-25.37,14.97,21.88,-388,49,-424
26.365283727645874,-25.47,14.69,22.42,-342,-90,-446
26.435148000717163,-25.59,13.76,22.65,-93,-84,-202
26.493088006973267,-25.91,13.48,22.78,-21,-15,-29
26.548481464385986,-26.27,13.32,22.67,-167,-69,-101
26.61541509628296,-26.62,12.98,22.88,-220,-129,66
26.676351308822632,-26.81,13.05,22.86,-189,-127,-224
26.734460592269897,-27.04,12.95,22.99,-227,-234,-47
26.794893503189087,-27.14,13.00,22.83,-260,-318,-189
26.853168487548828,-26.99,12.72,22.77,-330,-134,136
26.91380786895752,-26.84,12.13,22.31,-214,-143,-94
26.97450852394104,-26.53,11.88,21.71,-125,-144,-98
27.03346824645996,-26.36,12.14,21.75,-147,70,-97
27.094324827194214,-26.11,12.59,21.90,-225,2,-202
27.155373096466064,-25.75,12.60,21.58,-118,-25,-358
27.2135968208313,-25.30,12.28,20.72,-219,192,-272
27.274254083633423,-24.81,12.32,20.01,-141,286,-225
27.335094928741455,-24.42,12.33,19.70,-207,152,-402
27.394269227981567,-23.99,11.87,18.57,-186,233,-426
27.45552921295166,-23.39,11.37,17.61,-168,377,-231
27.516919136047363,-22.94,11.07,16.85,-226,360,-275
27.573347806930542,-22.51,11.11,16.60,-187,454,-208
27.63525891304016,-22.44,11.43,17.33,-196,572,-330
27.697110891342163,-22.41,11.41,18.01,-33,486,-431
27.753478050231934,-22.47,10.80,17.80,-30,363,-440
27.815133094787598,-22.63,9.79,17.30,54,418,-230
27.877232789993286,-22.99,9.00,16.81,-121,596,-143
27.934927940368652,-23.17,7.97,16.45,-417,126,-263
27.995591163635254,-23.42,7.06,15.73,-215,82,125
28.0571608543396,-23.60,6.76,15.66,-127,-133,19
28.115432262420654,-23.87,6.40,15.84,-239,-52,-138
28.175947666168213,-23.98,5.80,15.46,-136,-169,-72
28.23684597015381,-24.13,5.27,15.05,-102,-184,-71
28.2958083152771,-24.17,4.87,14.81,-54,-175,59
28.356720685958862,-24.36,5.44,15.34,-126,-227,-23
28.417227268218994,-24.34,5.42,15.58,-146,-495,-87
28.475452184677124,-24.12,5.31,14.52,-95,-468,-25
28.536756992340088,-23.91,5.10,13.93,-234,-196,9
28.594810485839844,-23.45,4.57,12.59,-347,-123,-31
28.656301021575928,-22.64,3.65,10.80,-284,238,165
28.716264724731445,-21.89,4.00,10.27,-410,25,-161
28.773089170455933,-21.14,4.24,10.31,-218,211,-197
28.835358381271362,-20.47,4.49,9.86,-22,381,-112
28.896348476409912,-20.02,4.67,10.02,-187,467,-127
28.954362392425537,-19.46,4.95,10.11,-232,439,-285
29.015642166137695,-19.23,5.04,10.13,-194,431,-229
29.07726812362671,-18.87,5.21,10.30,-186,782,-159
29.134393453598022,-18.90,5.92,11.02,-258,696,-285
29.19624662399292,-19.17,6.18,11.66,-108,598,-287
29.25704598426819,-19.44,5.56,11.58,-58,482,-403
29.314414501190186,-19.84,4.91,11.37,5,396,-129
29.3762149810791,-20.54,4.71,11.86,-298,226,-181
29.437360286712646,-20.83,4.24,11.86,14,193,-74
29.495513916015625,-21.35,3.98,12.14,-483,-112,-56
29.556931257247925,-21.51,3.78,12.18,48,-153,-88
29.61809492111206,-21.90,4.49,12.80,28,-541,164
29.67619252204895,-21.94,7.29,13.59,-200,-426,401
29.737157583236694,-22.81,11.96,12.05,-542,-226,229
29.79788613319397,-23.15,18.65,10.98,-1008,75,375
29.85645580291748,-23.72,24.89,10.03,-819,133,-282
29.917511463165283,-24.88,31.14,9.66,-868,156,-92
29.977726936340332,-25.65,35.50,8.99,-726,163,-392
30.036851167678833,-25.88,39.34,8.44,-577,279,-101
30.09770679473877,-26.03,41.84,7.22,-526,354,-119
30.15548038482666,-25.97,44.04,7.06,-316,211,62
30.21671485900879,-26.31,45.64,6.08,-310,272,-323
30.277323246002197,-26.95,46.67,6.17,-293,154,-141
30.335812091827393,-27.58,48.95,6.10,-322,170,-115
30.397186517715454,-28.58,49.61,5.79,-504,97,-281
30.457771062850952,-29.12,50.78,6.41,-344,96,-221
30.515634775161743,-29.34,51.25,6.37,-524,180,-194
30.577109813690186,-29.79,52.62,7.33,-352,68,137
30.6373348236084,-30.77,54.00,7.46,-349,128,19
30.69472622871399,-31.24,55.09,7.68,-365,111,-102
30.75607442855835,-32.07,56.56,7.77,-476,112,2
30.81643295288086,-32.74,56.05,7.90,-314,100,-382
30.874813556671143,-32.49,53.43,11.11,-534,-64,-751
30.93727946281433,-31.01,47.74,15.46,64,139,-460
30.998021125793457,-30.22,43.18,19.92,35,-22,-333
31.05580234527588,-26.48,32.67,24.14,-63,-245,-833
31.117133378982544,-24.61,29.53,30.31,-170,-379,-64
31.17759394645691,-22.43,25.91,35.02,57,-253,-197
31.23453378677368,-19.49,20.08,39.14,160,-94,-322
31.29803776741028,-18.31,17.67,41.96,-372,-351,-596
31.359320163726807,-17.45,15.88,44.00,-294,-99,-461
31.413180112838745,-16.88,14.32,46.02,-208,-86,-61
31.47828769683838,-16.60,12.14,48.05,-74,-107,-359
31.538691759109497,-16.27,11.01,50.23,-249,-255,-412
31.597704887390137,-15.77,10.30,52.34,-261,-302,-423
31.65831995010376,-15.42,9.89,53.89,-419,-271,-701
31.71960210800171,-14.51,9.27,55.92,-273,-198,-545
31.777753591537476,-13.79,9.03,57.78,-210,-6,-233
31.838931798934937,-13.23,8.49,59.07,-303,12,-279
31.89915418624878,-12.72,8.06,60.38,-178,-28,-134
31.957376956939697,-12.75,8.15,61.34,-438,-315,-823
32.01892590522766,-12.53,8.02,62.03,-143,-99,-129
32.07962679862976,-12.50,8.05,62.40,-404,-247,-554
32.137580156326294,-12.40,8.10,62.79,-310,-221,-491
32.19883060455322,-12.24,8.08,63.23,-243,-261,-539
32.25576448440552,-12.16,8.14,63.54,-314,-171,-496
32.317957162857056,-12.09,8.38,63.81,-258,-241,-461
32.3783655166626,-11.96,8.27,63.90,-294,-235,-438
32.437209606170654,-11.99,8.34,63.65,-214,-245,-687
32.498169898986816,-12.15,8.41,63.08,-238,-190,-512
32.55945539474487,-12.32,8.45,62.05,-183,-127,-224
32.61577486991882,-13.56,9.22,59.48,-434,28,-598
32.67854857444763,-14.21,7.64,57.41,-183,-81,-835
32.734548568725586,-14.45,3.92,56.17,-173,-302,-475
32.7958824634552,-14.07,-1.47,56.53,1562,-333,-425
32.85885977745056,-14.71,-2.67,54.98,-519,-695,-1188
32.91840958595276,-13.65,-6.49,54.12,78,-397,-382
32.976449966430664,-13.70,-7.45,52.14,-393,73,-150
33.03891205787659,-13.25,-9.52,49.76,-123,122,-8
33.099079608917236,-11.31,-12.66,49.04,518,-121,-109
33.15620803833008,-11.16,-14.71,47.92,74,58,-502
33.218590259552,-10.97,-16.23,46.23,165,48,-313
33.280375480651855,-11.00,-17.69,44.96,-88,-27,-370
33.335471391677856,-12.46,-18.91,42.45,-525,248,-373
33.39930009841919,-14.02,-19.50,40.27,91,55,-107
33.46044325828552,-14.62,-19.60,40.09,58,-26,-71
33.51819348335266,-14.51,-20.52,40.52,15,-65,-96
33.57966494560242,-14.71,-21.68,40.72,85,7,-150
33.64059042930603,-14.64,-24.51,40.85,130,78,-39
33.69922137260437,-14.56,-27.49,41.57,-4,-101,-107
33.759700298309326,-15.09,-26.05,41.32,-372,-98,-395
33.80895018577576,-16.68,-24.36,40.82,56,13,-120
33.878856897354126,-16.62,-25.06,40.84,60,-42,-30
33.93991303443909,-16.04,-25.69,40.88,44,18,-159
34.00082874298096,-15.80,-26.69,40.79,-85,-72,-136
34.057841062545776,-15.51,-26.14,40.87,-122,-67,-167
34.12060236930847,-15.69,-25.59,40.98,-206,0,-249
34.178444623947144,-15.62,-25.74,41.13,100,-53,-56
34.239156007766724,-15.13,-25.57,41.46,-81,-80,-154
34.30067563056946,-13.73,-23.44,42.56,-685,-202,-92
34.35813069343567,-14.58,-15.44,39.26,-564,166,493
34.41948461532593,-15.56,-6.82,35.86,-907,66,-675
34.47931790351868,-17.28,2.33,33.43,-1017,387,107
34.538315773010254,-18.61,9.91,31.72,-345,-29,-1028
34.598334074020386,-21.58,17.71,30.31,-509,224,7
34.659878730773926,-24.60,25.15,28.47,-957,97,-795
34.71803689002991,-26.27,28.33,27.48,-688,30,-278
34.77941942214966,-28.16,32.70,26.26,-466,57,-246
34.840163230895996,-29.79,36.94,25.42,-431,184,218
34.898476362228394,-32.82,43.85,23.94,-967,393,780
34.95896124839783,-36.27,51.22,21.66,-377,313,0
35.020326375961304,-39.28,55.84,20.47,-1236,-228,-423
35.07862114906311,-39.83,57.34,20.46,-207,150,-208
35.14031934738159,-41.16,59.28,19.79,-344,187,119
35.201390504837036,-43.13,61.82,20.03,-516,102,264
35.25956201553345,-44.67,64.16,20.41,-447,-56,-332
35.32058548927307,-45.69,65.46,19.85,-470,149,50
35.3781476020813,-48.14,67.95,19.74,-423,76,4
35.44006395339966,-49.11,68.82,19.51,-515,-25,-333
35.50067186355591,-51.74,70.83,20.34,-502,71,190
35.56229305267334,-51.71,70.72,20.36,-447,-45,-221
35.61675477027893,-51.40,70.39,17.83,-692,-70,-225
35.68091320991516,-49.31,68.50,11.40,-449,-5,-519
35.741344928741455,-45.00,64.33,3.39,-208,199,-508
35.799901723861694,-41.01,59.03,-1.74,-638,168,-772
35.86105918884277,-37.85,56.15,-3.91,-263,235,-176
35.91645097732544,-36.86,54.07,-7.15,-215,340,370
35.98012614250183,-35.43,54.09,-11.46,-336,178,34
36.040255546569824,-33.77,53.52,-14.09,200,197,370
36.09813141822815,-34.39,53.31,-16.06,-174,180,219
36.15946364402771,-34.36,52.08,-15.27,-511,-556,-330
36.220723390579224,-32.20,51.58,-4.94,242,353,-30
36.27929902076721,-31.80,50.07,-4.58,-567,143,-67
36.33970808982849,-31.06,48.64,-4.51,-437,-76,12
36.40087580680847,-29.89,48.63,-4.36,63,141,232
36.4585542678833,-28.78,47.72,-4.37,-295,248,-291
36.519845485687256,-27.71,46.93,-3.93,-9,129,-282
36.58090591430664,-26.75,46.34,-3.65,-477,-73,28
36.638909339904785,-25.83,45.72,-2.94,-79,220,171
36.69991731643677,-25.06,45.13,-2.52,-406,126,-361
36.76084232330322,-24.79,44.56,-2.14,-210,37,104
36.81413555145264,-23.87,43.95,-1.78,-377,95,-342
36.87985110282898,-23.20,43.03,-1.21,-227,102,50
36.941643953323364,-22.48,42.45,-0.67,-405,4,-411
36.999449014663696,-21.62,40.46,0.00,136,322,214
37.061376094818115,-18.95,37.46,-1.28,-633,175,-186
37.12258315086365,-16.65,35.52,-3.30,134,205,-319
37.18050980567932,-14.74,29.51,-6.10,-267,492,-195
37.241841077804565,-13.28,22.38,-12.30,78,494,-287
37.302433252334595,-13.28,19.38,-15.56,174,383,-45
37.36098051071167,-12.72,17.27,-18.76,-97,446,262
37.421627044677734,-12.49,14.90,-23.53,-27,336,0
37.482643127441406,-11.19,14.03,-26.84,-47,389,227
37.540895223617554,-10.94,12.91,-30.12,-95,312,510
37.60237455368042,-10.40,12.38,-34.47,-128,330,410
37.65977215766907,-9.41,12.00,-38.52,-26,132,300
37.72157621383667,-9.17,11.26,-40.85,-163,346,186
37.78250861167908,-8.15,11.62,-42.46,-178,-151,302
37.83875489234924,-7.77,11.29,-42.45,-239,210,226
37.90113306045532,-6.28,10.14,-45.48,102,229,362
37.962876319885254,-6.03,8.22,-47.88,-111,116,374
38.02030611038208,-5.48,7.30,-50.57,290,112,461
38.08143854141235,-5.22,6.93,-52.25,-210,-41,545
38.142619609832764,-4.47,7.32,-55.04,-185,39,506
38.197986364364624,-4.03,7.25,-57.26,-82,-54,288
38.26203727722168,-3.59,7.26,-58.50,-231,-6,398
38.3222291469574,-2.93,7.02,-60.84,44,138,417
38.38039469718933,-2.37,6.70,-63.20,-40,-97,490
38.441789627075195,-2.00,5.97,-65.68,-56,11,344
38.5026969909668,-1.75,5.17,-68.00,64,-165,613
38.560648918151855,-1.50,4.32,-70.65,-143,-26,379
38.621010065078735,-1.49,3.67,-72.16,-8,-238,459
38.682270765304565,-2.06,3.03,-72.37,-31,-117,223
38.74135780334473,-2.02,2.95,-72.83,-84,-205,422
38.801207542419434,-2.08,2.61,-73.59,-45,-239,349
38.86233353614807,-2.29,2.44,-73.74,-38,-148,294
38.92141819000244,-2.39,2.20,-74.29,-10,-159,340
38.98251128196716,-2.44,2.03,-74.86,-67,-198,330
39.04388093948364,-2.48,1.85,-75.34,-1,-206,299
39.102309465408325,-2.59,1.79,-75.29,-61,-324,268
39.16274118423462,-2.44,2.24,-74.50,-53,-214,154
39.22075080871582,-2.31,3.12,-72.12,-8,-360,56
39.282530069351196,-3.11,4.59,-66.28,-85,-494,-117
39.34280490875244,-5.60,6.03,-56.79,-53,-572,-310
39.40383744239807,-8.32,7.89,-45.92,-111,-595,-439
39.45970416069031,-9.61,11.18,-35.48,-248,-208,-506
39.52386403083801,-10.09,12.23,-25.50,-1,-554,-353
39.58487892150879,-10.54,13.57,-15.04,-178,-403,-81
39.63868546485901,-11.27,13.71,-6.14,-70,-398,-60
39.70354413986206,-10.64,14.58,1.71,-113,-384,116
39.7612042427063,-10.94,13.08,10.60,-64,-485,-7
39.82319784164429,-11.13,12.55,20.93,125,-599,-49
39.883084535598755,-10.69,12.67,30.48,-68,-431,-92
39.94168734550476,-10.73,12.60,37.99,-26,-386,-189
40.00256896018982,-9.83,11.31,41.85,-43,-158,-316
40.06379556655884,-9.32,9.90,43.06,-180,-228,-435
40.1208438873291,-8.44,8.55,44.12,28,-48,-456
40.18290448188782,-8.36,7.80,45.05,-79,-216,-398
40.24350047111511,-8.48,7.35,43.48,-25,226,-394
40.301007986068726,-8.11,6.54,43.20,-123,-99,-492
40.36210489273071,-7.89,5.84,43.30,-160,-17,-307
40.423362016677856,-7.87,5.23,43.94,-64,12,-308
40.47810077667236,-7.93,5.56,44.51,42,-2,-449
40.54221510887146,-8.11,5.57,45.27,-142,-178,-596
40.60342359542847,-8.20,5.26,46.33,-100,54,-312
40.66278409957886,-8.44,5.44,47.09,-96,-277,-700
40.72284817695618,-8.25,4.89,48.43,-361,-285,-209
40.78386425971985,-7.89,4.54,49.41,-263,-302,-139
40.84162664413452,-7.49,4.21,50.09,-20,-164,-312
40.90373945236206,-7.35,4.05,51.29,-109,-94,-400
40.964534759521484,-7.10,3.64,52.24,-57,-40,-351
41.023348808288574,-6.94,3.58,53.39,-58,-127,-326
41.084102392196655,-6.90,3.44,54.09,-189,-254,-493
41.14123606681824,-6.96,3.47,55.07,-175,-168,-272
41.20342803001404,-6.90,3.38,55.88,-115,-35,-154
41.26469540596008,-7.26,3.88,56.60,-107,-442,-574
41.32214283943176,-7.12,3.90,57.42,-42,-130,-355
41.38370180130005,-7.07,3.92,58.47,-161,-228,-405
41.444881439208984,-7.06,4.11,59.38,-240,-134,-189
41.50239443778992,-7.43,4.65,60.07,-213,-221,-387
41.56375074386597,-7.51,4.85,60.83,-219,-336,-344
41.62495803833008,-7.38,4.79,61.56,-324,-352,-441
41.682164669036865,-7.37,5.03,62.23,-355,-236,-259
41.74412131309509,-7.29,5.17,62.76,-230,-245,-386
41.80488991737366,-7.12,5.11,63.29,-93,-211,-438
41.86298608779907,-6.72,4.54,63.89,-23,-142,-430
41.92412805557251,-6.71,4.47,64.69,-33,-299,-377
41.98557925224304,-6.79,4.61,65.14,-139,-269,-368
42.04312324523926,-6.62,4.44,66.11,-214,-384,-372
42.104485273361206,-6.38,4.30,66.88,-272,-301,-428
42.16487121582031,-6.11,4.12,67.83,-204,-241,-321
42.222576379776,-6.03,3.97,68.45,-159,-291,-361
42.28399085998535,-6.04,3.99,69.12,-50,-437,-517
42.34451413154602,-5.93,3.73,70.05,-200,-312,-321
42.40337014198303,-5.93,3.78,70.64,-228,-346,-348
42.46349596977234,-5.76,3.61,71.49,-169,-254,-170
42.52459979057312,-5.76,3.70,71.83,-243,-423,-383
42.582555055618286,-5.72,3.78,72.33,-256,-361,-364
42.64362668991089,-5.49,3.47,72.60,-102,-301,-343
42.704918384552,-5.54,3.61,72.88,-235,-284,-260
42.7632782459259,-5.53,3.61,73.14,-157,-346,-445
42.825127601623535,-5.60,3.70,73.32,-183,-402,-426
42.88673186302185,-5.42,3.53,74.07,-162,-373,-287
42.94428205490112,-5.33,3.43,74.34,-120,-213,-316
43.00546646118164,-5.44,3.63,75.01,-142,-242,-187
43.06680989265442,-5.57,3.81,75.27,-289,-525,-480
43.12442064285278,-5.42,3.77,75.90,-142,-311,-90
43.186102867126465,-5.45,3.89,76.42,-254,-525,-492
43.24317812919617,-5.26,3.75,76.75,-102,-242,-156
43.30492973327637,-5.14,3.66,77.42,-194,-551,-472
43.36545133590698,-5.14,3.74,77.72,-49,-247,-268
43.42359018325806,-5.19,3.95,78.46,-301,-340,-146
43.4850697517395,-5.21,4.03,78.74,-248,-399,-357
43.5463285446167,-5.16,4.07,79.05,-283,-271,-106
43.604554653167725,-5.07,4.00,79.33,-197,-470,-425
43.665255069732666,-4.89,3.84,79.42,-204,-423,-425
43.725942850112915,-4.85,3.79,79.65,-50,-241,-340
43.783820390701294,-4.91,3.86,79.57,-4,-258,-359
43.845481157302856,-5.12,4.13,79.34,-239,-269,-142
43.90692734718323,-5.86,4.99,78.67,-219,-417,-391
43.96481776237488,-6.59,5.72,77.50,-15,-181,-78
44.02550983428955,-8.47,7.60,75.73,-398,-338,-746
44.08593392372131,-10.12,9.27,73.90,-365,43,46
44.141244888305664,-11.92,11.03,71.48,-283,-490,-615
44.205132246017456,-12.13,11.52,67.58,-405,-304,-632
44.26630902290344,-12.76,12.21,65.27,-195,-292,-207
44.32429480552673,-12.59,12.08,61.50,275,-220,-621
44.384875774383545,-13.39,13.40,57.88,-324,31,168
44.446224212646484,-14.22,14.28,53.72,-236,-449,-1004
44.504878520965576,-15.27,15.19,49.76,-202,-97,-168
44.56546115875244,-17.21,17.05,45.28,-283,-20,-146
44.62585115432739,-18.21,18.06,39.40,-729,-21,-494
44.684810161590576,-19.24,17.79,34.44,-212,-349,-1125
44.74659538269043,-19.85,17.05,31.69,18,-127,-179
44.806986808776855,-20.93,16.04,27.99,-116,-244,-226
44.86617112159729,-21.23,15.05,25.64,-183,-227,-41
44.927207231521606,-21.04,13.86,23.61,-73,-169,36
44.987244606018066,-20.80,11.93,22.33,-131,-134,159
45.04607391357422,-20.70,7.43,21.48,286,-259,-275
45.107051372528076,-20.30,4.74,22.11,-42,-197,-91
45.16489291191101,-19.06,-0.40,23.87,264,-304,-107
45.22591543197632,-18.72,-3.08,25.18,227,-37,185
45.28735280036926,-18.10,-5.38,26.70,-142,-544,-316
45.34389305114746,-17.38,-6.25,26.66,183,136,-9
45.40542459487915,-17.45,-9.28,26.10,-106,-160,-185
45.46765756607056,-17.25,-11.58,25.67,108,2,4
45.52493929862976,-16.52,-15.47,23.74,370,-52,12
45.586459159851074,-15.92,-16.67,24.42,165,-95,141
45.64738082885742,-15.07,-19.05,24.67,216,-104,-96
45.705904960632324,-14.41,-20.12,24.56,-254,44,-74
45.76654601097107,-12.96,-22.18,25.34,91,-81,-19
45.827993392944336,-11.92,-23.70,26.10,-60,-116,53
45.88557958602905,-11.62,-22.95,26.72,-79,-38,-137
45.946831464767456,-11.40,-21.05,27.54,-224,214,199
46.0076687335968,-11.21,-16.11,29.16,-418,27,183
46.06472849845886,-9.48,-11.62,31.96,-390,13,467
46.12656259536743,-8.95,-6.31,35.56,-430,-672,-690
46.18666481971741,-8.41,-2.09,41.70,-376,-302,319
46.246012687683105,-8.82,0.80,44.50,-380,-666,-405
46.30615472793579,-9.36,3.69,46.23,-443,-161,-49
46.367416858673096,-10.27,5.47,47.14,-566,-404,-461
46.425942182540894,-11.36,7.81,47.62,-496,-425,-619
46.48676037788391,-11.90,9.62,46.79,-417,-132,-581
46.54767870903015,-13.35,11.30,44.52,-504,-179,-591
46.6061007976532,-15.37,12.97,41.38,-353,-44,-816
46.6666784286499,-17.32,15.50,38.08,-409,414,-269
46.72803068161011,-20.62,15.23,33.92,-76,421,-357
46.78637099266052,-24.42,16.34,30.61,-293,391,40
46.84815573692322,-28.88,15.48,27.97,-120,-72,-291
46.90443468093872,-33.15,15.96,26.14,214,-93,-210
46.96710252761841,-37.43,14.31,24.24,-245,-249,-283
47.02785563468933,-39.37,13.66,23.37,-426,-313,-292
47.0857789516449,-41.15,11.72,22.27,237,-222,-84
47.14766812324524,-41.92,12.01,21.49,-277,-116,-39
47.207892656326294,-40.95,11.35,21.51,-333,-430,-92
47.2645058631897,-34.34,11.43,22.89,-152,-314,-71
47.32784390449524,-27.05,9.87,25.98,-4,-389,-473
47.3882110118866,-19.98,8.66,28.21,340,-50,-429
47.44681739807129,-13.52,5.80,30.35,-706,-516,-287
47.507577419281006,-7.31,1.80,32.21,172,53,38
47.56851077079773,-1.37,-0.02,31.74,-1113,-120,-176
47.62618064880371,5.29,-4.69,31.37,99,99,-380
47.687968730926514,10.38,-5.66,26.79,199,700,-370
47.74937200546265,12.79,-5.72,23.76,-557,117,54
47.806859254837036,14.11,-6.20,20.36,85,328,-757
47.86816120147705,15.37,-5.26,16.15,-949,260,26
47.92957520484924,16.77,-5.19,14.56,-617,278,-151
47.98673367500305,19.73,-4.75,11.52,-787,110,-644
48.04766011238098,21.30,-3.90,6.23,-222,687,-84
48.10832381248474,23.18,-3.08,2.27,-330,556,-170
48.16690921783447,25.37,-2.21,-1.79,-908,155,163
48.22731304168701,27.65,-2.18,-3.44,-491,350,240
48.28816604614258,30.78,-2.04,-3.46,-802,-11,38
48.34703540802002,36.38,-1.39,-3.46,-587,93,59
48.40710139274597,40.94,-0.74,-3.42,-211,313,52
48.46511101722717,44.52,-0.37,-3.51,-545,159,22
48.52780222892761,47.73,-0.01,-3.61,-599,28,37
48.58854293823242,50.88,0.20,-3.62,-679,17,19
48.64707040786743,54.60,0.42,-3.62,-481,90,32
48.707923412323,57.84,0.52,-3.59,-735,254,30
48.769593715667725,60.76,0.63,-3.58,-588,101,35
48.827255964279175,63.54,0.68,-3.58,-609,46,22
48.88795852661133,66.24,0.65,-3.55,-729,23,24
48.94956707954407,68.75,0.66,-3.51,-525,146,34
49.007112979888916,70.21,0.61,-3.50,-617,151,40
49.068350076675415,70.17,0.38,-3.51,-548,72,27
49.128982067108154,70.56,0.26,-3.53,-576,94,21
49.187867641448975,70.52,0.13,-3.54,-515,84,26
49.24872040748596,70.47,0.03,-3.56,-491,93,39
49.3097460269928,67.77,-0.30,-3.53,-632,210,30
49.36758351325989,62.74,-0.68,-3.54,57,197,41
49.42894744873047,54.73,-1.26,-3.44,-811,-310,35
49.489503145217896,49.67,-1.31,-3.17,288,646,53
49.54840803146362,44.41,-1.83,-3.19,-571,-152,35
49.60891675949097,37.76,-2.05,-2.76,444,758,70
49.66966009140015,29.08,-2.72,-2.58,-466,-284,31
49.72793245315552,21.90,-3.32,-2.11,127,241,43
49.788740396499634,14.82,-3.88,-1.86,-430,-459,61
49.84968042373657,9.42,-3.79,-1.61,292,7,59
49.90769290924072,4.76,-4.56,-1.39,-110,-241,40
49.96813106536865,-1.75,-4.24,-0.96,555,243,-14
50.02900958061218,-6.44,-4.48,-0.84,-548,-553,25
50.08895993232727,-10.19,-4.18,-0.63,201,-300,39
50.14962315559387,-14.56,-2.12,0.88,-589,-334,150
50.21032905578613,-17.02,-0.12,1.43,232,-357,-17
50.26890182495117,-19.81,2.69,0.80,-328,-380,267
50.32951235771179,-20.70,5.13,0.60,-240,-415,-222
50.38667702674866,-21.01,7.32,0.31,-440,-324,413
50.447943449020386,-19.44,11.56,-0.37,-664,-449,15
50.5101523399353,-17.50,15.61,-0.09,-183,115,286
50.567885875701904,-18.83,21.77,-1.34,-454,48,-56
50.629263401031494,-19.92,25.34,-2.26,-254,-38,-153
50.69018888473511,-21.42,29.25,-3.80,-435,25,132
50.7481746673584,-22.84,32.96,-5.43,-399,-160,-298
50.8099148273468,-23.52,34.85,-6.32,-155,-90,-191
50.87074065208435,-24.04,36.51,-6.86,-107,-85,-155
50.92806911468506,-24.89,38.29,-7.98,-192,-1,21
50.98939514160156,-25.84,40.31,-9.21,-214,-47,-123
51.05090951919556,-26.36,41.94,-9.91,-182,54,37
51.108721017837524,-27.22,44.34,-10.51,-314,-100,-127
51.1698784828186,-27.61,45.24,-10.59,-162,35,-169
51.231175899505615,-28.40,47.28,-10.71,-412,-137,99
51.288822174072266,-28.12,47.40,-10.13,-270,-175,-154
51.35015034675598,-25.98,43.33,-9.48,-114,-67,-758
51.41116547584534,-23.84,35.01,-7.73,151,-66,-393
51.46889853477478,-21.42,23.59,-6.21,318,-54,-463
51.530150175094604,-20.80,13.98,-4.62,447,-3,-356
51.590709924697876,-21.01,9.15,-3.30,97,-70,-278
51.64956998825073,-20.77,2.40,-1.90,523,11,45
51.71074175834656,-20.78,-2.39,-0.66,229,9,-11
51.77087926864624,-21.57,-7.03,0.63,249,60,334
51.828484296798706,-21.71,-6.46,1.41,40,116,-167
51.8899872303009,-22.08,-5.83,2.22,-42,145,-375
51.9475417137146,-21.88,-5.19,0.12,-1,334,545
52.00840353965759,-22.68,-5.04,0.11,-91,8,164
52.07122254371643,-22.94,-4.64,-0.20,-86,-55,108
52.12724566459656,-22.93,-3.96,0.21,-193,-52,76
52.188518047332764,-22.43,-3.71,0.27,-264,274,-30
52.250553131103516,-22.59,-3.65,0.29,218,116,32
52.30813002586365,-22.86,-3.27,0.28,-41,4,-24
52.369142055511475,-23.10,-3.64,-0.05,-120,149,55
52.4302031993866,-23.11,-3.61,-0.11,-1,22,22
52.48888945579529,-23.06,-3.61,-0.22,-40,-16,154
52.55049419403076,-22.95,-2.93,0.31,-120,-34,-31
52.61165976524353,-23.11,-2.95,0.33,-183,25,-84
52.66904139518738,-23.69,-3.21,-0.33,65,-13,14
52.73066782951355,-24.18,-3.52,-0.79,-70,-333,77
52.7915678024292,-23.91,-3.32,-1.30,-115,-358,-32
52.84947466850281,-22.87,-3.85,-2.25,-21,-305,91
52.910743951797485,-22.18,-4.23,-2.68,-28,-49,75
52.97130823135376,-21.64,-4.17,-2.90,-97,-30,50
53.0301296710968,-21.11,-4.43,-3.67,73,11,74
53.10534405708313,-20.45,-4.29,-3.77,-108,-14,17
53.15141248703003,-19.93,-3.97,-3.90,151,-28,72
53.21038103103638,-19.49,-3.79,-3.94,-187,28,11
53.27114796638489,-18.60,-3.72,-3.96,-170,227,2
53.332813024520874,-17.67,-3.65,-4.01,-415,219,20
53.39007496833801,-16.74,-3.52,-4.00,-385,476,9
53.45101499557495,-15.88,-3.48,-3.91,-337,592,-10
53.51293468475342,-14.44,-3.23,-3.55,-262,813,123
53.57104802131653,-15.20,-2.84,-2.64,-69,595,309
53.629700660705566,-15.53,-1.27,-2.59,-486,252,51
53.692620277404785,-16.30,-0.50,-2.51,-76,198,964
53.75069189071655,-16.60,2.46,-3.18,-470,49,193
53.810728549957275,-16.98,3.00,-3.72,-140,93,100
53.869184255599976,-17.21,3.61,-4.04,-350,21,49
53.930505990982056,-17.31,1.82,-4.55,-99,39,-192
53.99125599861145,-17.35,2.04,-4.63,-38,104,-196
54.050031423568726,-17.17,2.93,-4.67,65,135,-825
54.110490798950195,-17.40,2.75,-4.53,40,248,-667
54.171225786209106,-17.36,2.69,-3.61,-352,191,-255
54.22994923591614,-17.79,1.49,-2.97,55,127,-77
54.290090799331665,-17.87,0.88,-2.07,5,17,74
54.35110783576965,-18.08,-0.11,-1.41,-33,7,-162
54.40999484062195,-18.10,-0.73,-0.46,-47,54,462
54.47209167480469,-18.17,-1.59,-0.14,-103,36,-34
54.53251338005066,-17.82,-2.10,0.48,-433,15,-32
54.59044861793518,-17.64,-3.60,-1.77,301,424,972
54.65201425552368,-17.60,-4.75,-3.18,-78,193,349
54.71259093284607,-17.76,-3.98,-2.31,-247,69,169
54.77068018913269,-18.76,-4.43,-1.49,-137,104,990
54.83220720291138,-19.44,-3.94,-2.45,-196,142,638
54.892927408218384,-19.81,-3.07,-3.36,-394,59,222
54.95130896568298,-19.56,-1.74,-4.16,-376,208,0
55.012397050857544,-19.65,-0.69,-4.62,-130,242,-178
55.07376670837402,-19.27,0.08,-4.93,-130,293,-296
55.13175845146179,-19.45,0.40,-5.12,-24,171,-531
55.19255208969116,-19.03,0.66,-5.08,93,200,-314
55.25388860702515,-19.16,0.67,-4.66,-32,173,-325
55.31175875663757,-19.31,0.17,-4.27,67,102,-542
55.37292528152466,-19.48,-0.66,-3.35,-151,58,-55
55.43353080749512,-19.52,-1.29,-2.79,-116,67,1
55.49173450469971,-19.61,-2.38,-2.18,-5,91,154
55.55312943458557,-19.73,-3.00,-1.60,-95,22,350
55.61073136329651,-19.87,-3.61,-1.37,-69,56,14
55.67177939414978,-19.80,-3.91,-0.79,-57,67,-163
55.73321318626404,-19.57,-4.28,-0.19,-166,141,125
55.78992772102356,-19.66,-4.82,-1.14,-43,205,429
55.85148358345032,-19.79,-5.11,-1.75,-6,227,41
55.91277527809143,-19.93,-5.20,-2.39,-69,166,92
55.97034454345703,-20.24,-5.26,-2.73,-38,157,103
56.03199028968811,-22.15,-4.96,-2.01,-78,124,52
56.09294509887695,-24.88,-5.17,-1.47,-323,126,61
56.14764332771301,-28.88,-6.17,-1.04,19,139,-142
56.212507247924805,-29.43,-5.82,-1.68,28,-114,92
56.272483825683594,-29.37,-6.08,-1.34,-178,-152,170
56.33053922653198,-28.29,-5.30,-1.13,-266,145,578
56.391725063323975,-27.07,-3.91,-2.19,-191,82,51
56.453688621520996,-25.19,-2.40,-2.86,-498,125,-312
56.51039981842041,-23.58,-1.82,-3.13,-599,41,-37
56.57284188270569,-22.60,-1.15,-3.29,349,331,19
56.63466429710388,-22.33,-0.62,-3.44,529,339,-40
56.69208240509033,-22.48,-0.01,-3.43,480,267,-145
56.753382205963135,-22.86,0.35,-3.24,368,227,31
56.814769983291626,-23.65,0.83,-3.03,70,105,-224
56.872321367263794,-24.42,0.81,-2.92,-125,6,-66
56.933470010757446,-24.80,1.21,-2.73,-436,-68,25
56.99457931518555,-25.07,1.02,-2.32,-532,44,44
57.05226230621338,-25.48,1.28,-2.20,-345,69,-39
57.11347556114197,-25.43,1.22,-1.95,-524,200,163
57.17516827583313,-25.33,0.63,-2.03,-909,208,391
57.23289918899536,-24.82,0.32,-2.38,-518,113,68
57.286094427108765,-24.38,-0.29,-2.59,-92,51,-155
57.355260610580444,-23.65,-0.36,-2.83,-100,210,-70
57.41269493103027,-23.21,-1.04,-2.79,42,231,26
57.474592208862305,-22.64,-1.10,-2.91,-229,142,-25
57.5351676940918,-22.12,-1.36,-3.03,-107,77,128
57.59319353103638,-21.31,-1.67,-3.26,-634,84,-60
57.65427374839783,-20.63,-1.99,-3.31,-133,164,100
57.71437644958496,-20.00,-1.92,-3.23,127,171,142
57.77232766151428,-19.67,-2.09,-3.51,338,88,24
57.83391880989075,-19.44,-1.75,-3.54,855,219,0
57.89181470870972,-19.71,-1.64,-3.46,548,241,41
57.953367471694946,-20.21,-0.96,-3.45,409,254,10
58.014238357543945,-20.98,-0.72,-3.48,251,230,110
58.072810649871826,-21.78,-0.06,-3.57,-11,94,131
58.132620334625244,-22.68,0.23,-3.68,-158,58,-53
58.19472813606262,-23.38,0.51,-3.81,-427,63,49
58.25207495689392,-24.12,0.93,-3.56,-244,6,-223
58.31310153007507,-24.74,1.47,-3.35,47,151,-233
58.3753707408905,-25.70,1.49,-2.97,-418,156,431
58.4320707321167,-26.21,1.98,-3.05,-555,96,-50
58.494340658187866,-26.43,1.96,-2.80,-768,108,93
58.55582332611084,-26.33,2.14,-2.75,-655,108,-55
58.61296558380127,-26.33,2.12,-2.80,-351,180,50
58.674620389938354,-26.19,1.92,-2.99,-465,210,9
58.73536658287048,-25.95,1.49,-3.02,-400,202,115
58.79347848892212,-25.63,1.19,-3.04,-125,207,171
58.855037689208984,-25.42,0.89,-3.14,-155,226,233
58.91527986526489,-25.09,0.93,-3.34,-185,127,-172
58.973867893218994,-24.57,0.91,-3.38,-112,163,-230
59.03514313697815,-24.17,0.77,-3.46,103,189,-191
59.0956289768219,-23.98,0.13,-3.50,-103,158,-51
59.15417122840881,-23.58,-0.32,-3.70,6,72,120
59.21536207199097,-23.24,-0.09,-3.97,-221,88,63
59.27659606933594,-22.75,-0.67,-4.00,-121,181,-53
59.33487892150879,-22.32,-0.53,-3.96,527,254,80
59.39566993713379,-22.40,-1.02,-4.02,375,74,-60
59.45697045326233,-22.32,-0.89,-4.05,299,97,-217
59.51476430892944,-22.54,-0.74,-3.85,572,177,102
59.57584881782532,-22.79,-0.04,-3.87,707,221,201
59.633742809295654,-23.56,0.80,-3.90,351,204,348
59.69330143928528,-24.49,1.63,-4.12,68,52,-137
59.75472617149353,-25.52,2.20,-4.23,-166,16,-167
59.81256175041199,-26.77,2.31,-4.10,-378,1,-233
59.874449014663696,-27.70,2.52,-3.60,-487,159,178
59.936182260513306,-28.68,2.63,-3.36,-234,175,221
59.993993043899536,-29.56,2.95,-3.36,-351,118,-81
60.05454063415527,-30.22,2.85,-3.22,-736,181,107
