timestamp,yaw,pitch,roll,ax,ay,az
0.0116901397705078,-0.01,-0.08,0.61,4523.0,29658.0,-10865.0
0.043297529220581,-0.0991089197136662,0.3952475718062197,4.402079583370462,4507.158414273126,28466.910773160664,-10783.81187314977
0.0893299579620361,-0.16426189597240287,0.6265849849749388,6.292550791919813,4390.602591121949,28018.469075784702,-10753.541861481222
0.1296656131744384,-0.23938390627539108,0.8606701884172836,8.148636182016695,4308.537215093355,27499.50284948926,-10690.132594609764
0.1595630645751953,-0.3246242306739477,1.0882330357184973,9.978329596751959,4253.0967810421735,27039.16106731467,-10578.73666393015
0.2058911323547363,-0.4200803276430829,1.3094693312262522,11.77583711224777,4172.355203959785,26527.08527835804,-10458.107929894488
0.2487916946411132,-0.5224954348101502,1.527848888163346,13.537972136725006,4117.0512843809565,26037.260773691654,-10317.544340562717
0.2901370525360107,-0.6334047080219407,1.740584052587215,15.268006027609667,4055.195161301973,25569.600584276126,-10173.103849414176
0.3242065906524658,-0.7511041762138335,1.9488285654034552,16.964024346995767,4001.8204599083683,25115.033861039992,-10003.895225099113
0.3684930801391601,-0.8746870177284838,2.152115280892579,18.62284584603195,3947.817824209187,24672.404496483512,-9825.60847681816
0.4091982841491699,-1.003647328976631,2.349142646822156,20.244685452704516,3883.5265577804626,24248.800554854308,-9634.362459304471
0.4501290321350097,-1.1367598798992462,2.54000796474197,21.830671918482825,3821.448533812913,23851.93064710178,-9444.671444389141
0.4791517257690429,-1.2732282420944352,2.725638374512927,23.378117762790037,3775.7825427975645,23473.127776760673,-9231.744639724619
0.5230629444122314,-1.4125193577370077,2.905874541880257,24.888330013952217,3723.6094275309088,23104.717579874672,-9024.051265241256
0.5658736228942871,-1.5542689142101287,3.080590727990304,26.36070368789619,3672.147999985138,22748.379485853508,-8802.757256932791
0.6101951599121094,-1.6968032363749053,3.2489693042159606,27.795426261234727,3621.0428077486276,22408.81099340329,-8581.41162517284
0.6446812152862549,-1.840867753968278,3.413054056296269,29.193226167001608,3574.3224092744886,22084.01929360173,-8359.42531679929
0.6877245903015137,-1.9857808274145572,3.5712386883687812,30.55457441697744,3529.6617422573727,21779.648093929292,-8136.133906781717
0.7228891849517822,-2.130398931390541,3.724661122768342,31.880346955752533,3484.485746630993,21483.455157840457,-7915.6248199277725
0.7695603370666504,-2.274965272680551,3.8736431493185517,33.171138720022896,3438.6318517014565,21200.837576485173,-7693.9232065211345
0.8103585243225098,-2.419121836734928,4.017873728980991,34.42731950434248,3395.098172465519,20931.73938466587,-7475.876148455929
0.8437371253967285,-2.562031824025629,4.157077272051338,35.64961350728136,3354.9296080128174,20680.261268690923,-7257.437754378205
0.88848876953125,-2.7040286294441254,4.292044661813579,36.83902690041417,3321.463693252218,20433.936554026764,-7030.050862091715
0.9229121208190918,-2.844888209874068,4.422928297735757,37.996292553042025,3286.376215372682,20201.438455671137,-6809.537320913295
0.9655871391296388,-2.9839249362818605,4.54935495756452,39.12191836907299,3250.341647074806,19982.338943275623,-6588.47823175342
1.005859375,-3.1214881535927925,4.6719352867909185,40.21717447410506,3213.1805129052473,19764.915893836012,-6376.083553382727
1.0491044521331787,-3.256950708406899,4.7907248376701626,41.2821285969997,3179.5437256031823,19557.552129629014,-6165.427826060001
1.0886075496673584,-3.390655479524378,4.906209686598201,42.31853187172982,3144.6383033158845,19363.809687880985,-5960.094113692752
1.1281788349151611,-3.522456926334896,5.017925558399989,43.32650353738418,3113.085512018664,19175.19927440042,-5756.65677960861
1.1706295013427734,-3.652217346547598,5.126740438630754,44.30690859808297,3085.8141880040253,18997.778471846694,-5553.027228183627
1.204742431640625,-3.7802277669940105,5.232151969530765,45.260421793435306,3055.719678617026,18826.7708890523,-5354.570315042408
1.248401403427124,-3.9059126118282625,5.33452636368656,46.187970104439266,3026.1952224886145,18659.270968715617,-5159.450860592008
1.2900936603546145,-4.029557703562004,5.434184275081335,47.089894313135005,3002.347354016259,18497.678295219346,-4967.898145230685
1.3308839797973633,-4.151414451309781,5.531006848475149,47.96762044444834,2974.1180802866684,18343.228166541758,-4781.095754595991
1.3662209510803225,-4.270915637977219,5.624876577465924,48.82118557766601,2947.874014008732,18196.870350196194,-4596.626971569624
1.408918380737305,-4.3883114427976935,5.716454544984095,49.651325100297186,2919.1043292550025,18057.94081395777,-4417.305828156296
1.4497499465942385,-4.5038241774251935,5.805190135374014,50.459026520644535,2893.517671175831,17923.12593593757,-4243.77694939768
1.4908792972564695,-4.61727333036006,5.891703664321821,51.245133543333225,2867.3335956475225,17795.66875093965,-4070.781803067422
1.525111198425293,-4.728859215937928,5.976188105715281,52.00924204666182,2843.789786786649,17671.515037734043,-3904.050486589591
1.566849946975708,-4.838391488267078,6.058076764503624,52.752766875341905,2822.0844970306816,17549.503328821214,-3744.1783138561977
1.605494260787964,-4.946052829955632,6.137934020171063,53.476237327369326,2797.9257477291735,17434.891935585732,-3582.2190889693384
1.6484012603759766,-5.0516454986662565,6.215918409314268,54.17973361288591,2774.73676607089,17326.076176471168,-3424.217882049629
1.6872663497924805,-5.155337926938572,6.291814305611893,54.86400048673551,2753.457413217288,17219.629426735733,-3273.28572985906
1.7240071296691897,-5.2569268059756755,6.3657707143637765,55.52969102144149,2731.0569078776975,17114.803291851098,-3126.336809887453
1.7697746753692627,-5.356568995083423,6.437570148964669,56.17702405531546,2710.7599034345417,17016.511863622505,-2977.412595945708
1.8044979572296145,-5.454757515778663,6.507704075758062,56.80686720202033,2690.5242029176493,16919.58138970713,-2839.4720131365666
1.8376708030700684,-5.550909914922007,6.5759365949753406,57.41930715425582,2672.6680530825256,16822.443596419474,-2700.3337146461295
1.887686252593994,-5.645162730108126,6.642386725556127,58.0150831506264,2652.9592604582353,16733.773461227807,-2564.145354336613
1.928678035736084,-5.737641072387599,6.706820509741348,58.59452040912159,2634.3609226104745,16646.856639317746,-2435.246255451978
1.9700751304626465,-5.828800908756291,6.770036396405468,59.1582396011257,2617.5313341479473,16563.696173844986,-2304.2131908135743
2.0062131881713867,-5.918393239124773,6.831771530637653,59.70612478648941,2599.2976898035836,16483.483121549696,-2176.221717598694
2.0481977462768555,-6.006178601750634,6.891773846653347,60.23837869067563,2581.37024547837,16403.833933242793,-2048.7341324077934
2.088421583175659,-6.0922620289264,6.950136907586063,60.75651417784033,2567.0879212203786,16330.475471958449,-1929.2117217744105
2.1217823028564453,-6.176740696193624,7.006947451331972,61.26027999846715,2550.9428048259533,16260.409881356803,-1810.1936813150414
2.170079708099365,-6.259704649120111,7.062618777888069,61.7497503539596,2537.7344136554834,16189.852605058597,-1692.5923240225723
2.205189943313598,-6.341237450667637,7.11654927455676,62.22564093520417,2524.156046072983,16122.849549044353,-1585.6980120312496
2.2481260299682617,-6.421416759081912,7.1691529254131945,62.688288721828485,2509.823508078449,16054.122675307424,-1481.4217738441
2.287712812423706,-6.500314844842957,7.2208237722255815,63.13800079790909,2495.5205888192613,15990.601059775256,-1377.1680182688042
2.322164535522461,-6.577671229013121,7.270953995522989,63.57505709322856,2481.800436628165,15925.967043378214,-1274.5204953172035
2.370891809463501,-6.653561541539902,7.319940629626238,64.00003963399449,2469.7812555234427,15864.499787510782,-1170.9778730833375
2.4045021533966064,-6.72838237841228,7.3678370023499395,64.41284278760483,2456.6907197561322,15806.977596522855,-1072.5180547324796
2.449159622192383,-6.801862763277099,7.414368249388332,64.81400426392739,2442.632516321727,15751.095198656392,-979.2868696613867
2.4899415969848637,-6.874065420662683,7.45991766440057,65.20370595534081,2427.997390934151,15694.73992003173,-884.7199536158945
2.530744791030884,-6.9453725270716,7.504528995525003,65.58211334915724,2415.2937019688206,15638.34098767039,-797.4834994150798
2.5673305988311768,-7.01518257522658,7.547598436478673,65.95002197380595,2402.706583644868,15588.728913643276,-712.1011632417103
2.6037416458129883,-7.083559977535396,7.589510195408278,66.3075451323993,2391.4850781735636,15537.763937634649,-626.4981343412281
2.647245168685913,-7.150886699405678,7.6303117031052246,66.65478480241386,2381.8992938795795,15492.00794922952,-546.9659276878515
2.6910154819488525,-7.216888170345812,7.670047860935252,66.9924736996255,2371.7736645327223,15446.139356399339,-467.5708819422845
2.722907543182373,-7.28193916591298,7.708761221453239,67.32035128029625,2360.6143796500396,15402.844609405582,-392.71449044896025
2.7691214084625244,-7.345760890931402,7.746492152974128,67.63880013243539,2349.766473930377,15360.526644451198,-318.04360514071186
2.8036539554595947,-7.40872189464699,7.783278989740228,67.94818377198631,2338.3887359514524,15316.627453731191,-243.703650871594
2.849170446395874,-7.470858179105401,7.819158169138955,68.24884792505523,2328.3136879905364,15274.669070633134,-174.58000357834106
2.8910117149353027,-7.531885874214673,7.853846362549901,68.5408037062702,2319.2408635793254,15236.393030657715,-106.3198945234654
2.930617570877075,-7.59216586213498,7.8880226680652745,68.8243756145196,2310.3727793820944,15197.635994846902,-40.34872005750516
2.9691994190216064,-7.651094117304708,7.921072930651085,69.09955594258258,2300.179222938032,15162.439681184049,21.450548346025244
3.0041849613189697,-7.7090378597641145,7.953037949091795,69.3666508674245,2290.795616718527,15127.195156576168,82.23439533023631
3.051290988922119,-7.766034471372037,7.983956714859964,69.6259528970698,2282.858470212381,15093.199170340464,144.5416287858497
3.086955308914185,-7.822435760175615,8.01449883321796,69.87774168642109,2273.346624162025,15058.668547495537,201.78050690489005
3.1232895851135254,-7.87763345120971,8.04373125071173,70.12228478965031,2265.5656427606464,15028.041081179612,259.8100039789835
3.1706228256225586,-7.931986505633942,8.0723305489782,70.35983835500818,2256.2699777793896,14998.470694481804,318.98573749580737
3.2041444778442383,-7.9858412714079,8.100319338602617,70.59033246085652,2250.5544186064903,14968.375618617956,373.81797745975217
3.252297878265381,-8.038586884562019,8.127404215817501,70.81401275541104,2243.7317109411074,14939.567536186167,427.0684163807527
3.2928736209869385,-8.090892130010948,8.15393113973328,71.03142969677194,2238.7029759027723,14912.065547685017,480.932621253085
3.3224434852600098,-8.142459238420695,8.179605051839793,71.24216988498127,2231.0674255531603,14885.573767503474,531.3029578262992
3.371089458465576,-8.193314587495777,8.204769403461373,71.44708993001787,2227.481155035354,14857.542761268858,579.3965075572565
3.404285192489624,-8.24348345748262,8.229127641285173,71.64607398752297,2221.3075923256065,14834.11733408902,625.1010733554197
3.4522364139556885,-8.292990088864842,8.252706944182075,71.83900889948632,2215.1744369043677,14809.682469631873,671.4166530009301
3.487991571426392,-8.34185773616035,8.27584730876644,72.02641187297914,2208.672148615203,14784.772291017582,719.0782605856106
3.5310895442962646,-8.390108718139151,8.298250027581803,72.2081546953964,2203.130005434176,14761.97369979427,762.0522238624847
3.571671962738037,-8.437450917676022,8.319939645647208,72.38442601067146,2198.0151118252816,14742.221058688954,803.0311891333588
3.603015184402466,-8.484228433846475,8.340939798628519,72.55572086368127,2192.3106328654226,14719.648834687674,847.5966709871445
3.652679920196533,-8.53046071873757,8.361273254584368,72.72189085217845,2183.3725541250433,14698.169147053395,884.2938493793631
3.686142444610596,-8.57585331922996,8.380961953153943,72.88310487711661,2177.755468204056,14675.648227337293,920.7355305869634
3.730086326599121,-8.620747286992561,8.400340078482106,73.03952573111138,2171.001543264553,14655.217982041417,959.5289816928808
3.772885799407959,-8.66515959466903,8.418792153731934,73.19099743911634,2163.2408951835187,14637.311712887575,992.995661362263
3.8132946491241455,-8.709106573722472,8.43697381262266,73.3379941843207,2156.53889537109,14616.373941084546,1026.7496599579358
3.847959518432617,-8.752291213861765,8.454581314279347,73.48066166011176,2155.4274885250993,14597.598464207496,1064.44141894674
3.886960744857788,-8.795363886510989,8.471633278194497,73.61945308614972,2150.099245359686,14581.697647301107,1099.193174451142
3.9309682846069336,-8.837703797066455,8.48814767606044,73.75355653338364,2147.7207208173504,14562.953761401259,1129.1612188798044
3.973571300506592,-8.879647398643506,8.504454334687308,73.88374809942931,2143.854739069471,14547.425124335254,1159.9351161482748
4.013890266418457,-8.921207914389198,8.520247695456455,74.01015392270747,2140.0792097241556,14532.291574036622,1192.2707769041301
4.051611423492432,-8.964896749262579,8.538042916496087,74.13195882356094,2134.1736498796267,14521.038494149854,1215.593563799023
4.086601257324219,-9.041873837324044,8.587754514000286,74.24525064817146,2093.8233056059203,14512.293810608373,1238.7764814312745
4.128468990325928,-9.21977265620768,8.734873563722312,74.33874846786394,2070.725590937547,14481.095275590069,1272.8138949134386
4.173532724380493,-9.507268271443657,8.986312908719816,74.4080844410151,1960.7955503787452,14434.707074777305,1299.9766000577667
4.212890625,-9.909955006908445,9.347520935835796,74.45308578503115,1841.519539207422,14460.963336532928,1332.0294016558482
4.251599311828613,-10.424828075860523,9.81347913934663,74.46203875470177,1727.6386785104337,14457.032733332555,1335.3049402463078
4.2937092781066895,-11.055844971685898,10.387442887640955,74.43732747717888,1567.0033074576684,14469.698742075523,1367.7429907939877
4.330300569534302,-11.791867274817642,11.058217560015022,74.3846911079425,1401.9498679274404,14536.184923023417,1365.9104966307023
4.370224475860596,-12.615249234112081,11.80841470297683,74.30500795035904,1207.6320204507952,14625.353985996418,1350.5673572984679
4.411025047302246,-13.521067273978288,12.63117665658873,74.18758872548209,1001.6846855613612,14717.718778822702,1347.15028239838
4.456153154373169,-14.498941765396374,13.51768071625925,74.04079065135898,816.964746275682,14829.987369048013,1343.871351325657
4.486421585083008,-15.532273821549854,14.450964886365057,73.86491184384359,590.9121885909954,14940.052508922778,1346.0891294142677
4.535549163818359,-16.61060010241494,15.41896695697806,73.65587576512603,330.6841894853866,15064.382988589228,1340.7239825427682
4.575402498245239,-17.721916770199506,16.41125175490275,73.4197091806944,94.9911796796433,15206.397528283253,1320.8127186799059
4.612378120422363,-18.864884183645298,17.425505177569725,73.15507956036892,-133.02173541111137,15333.96654333224,1315.1143302775158
4.653025627136231,-20.03820496459823,18.459797582739238,72.85851411386945,-348.29803236731766,15492.456570449041,1302.1137350838294
4.694314241409302,-21.236259445288265,19.508208438689213,72.53101191455951,-614.8465352375019,15652.19625654044,1300.5830851668206
4.735264778137207,-22.459525427777336,20.56998912482071,72.16761930547558,-865.9319505344369,15798.407135676645,1295.423012457881
4.77609133720398,-23.70347998220027,21.6397402697954,71.76914665589587,-1092.3797193624205,15964.169989003425,1290.2994572549267
4.816095352172852,-24.968415815902027,22.717217099146065,71.33170473545908,-1365.2248491972298,16115.502623337945,1272.3427005155559
4.85232949256897,-26.246827197801725,23.79439313422414,70.85588783628148,-1640.861734069856,16278.405681785978,1258.685360477271
4.885451555252075,-27.533935892170923,24.86255855690783,70.34009043483026,-1903.595502663846,16465.104492979444,1234.1450841651188
4.935100555419922,-28.82386703618257,25.918572123082257,69.79552978802963,-2113.175639449585,16657.316444085864,1214.700971333005
4.975929975509644,-30.10812586034109,26.953783320983735,69.22839892714393,-2308.490520620417,16830.945445283534,1188.449511864051
5.012243270874023,-31.354497675789535,27.942368006110605,68.67522394131282,-2534.001591191016,16995.325949996342,1157.2854611621476
5.052025079727173,-32.507167960616094,28.844358245990733,68.19724141060175,-2742.666138865124,17158.721451247766,1120.2720103252184
5.094907283782959,-33.53760808928573,29.63910100382929,67.81764202829015,-2918.2848846373618,17273.165222447195,1094.5047399854393
5.135883331298828,-34.453064033767,30.329013285321995,67.51715640357969,-3089.1742080817394,17367.00302629892,1063.903630438692
5.173070192337036,-35.26055417182507,30.92110732631661,67.28397015411839,-3232.092429388971,17438.106589939493,1037.1220739075266
5.211590528488159,-35.967188031434596,31.42061818787296,67.10757302564609,-3362.8931954851987,17493.04080110225,1012.8884540784401
5.253918409347534,-36.579540753189356,31.834173767251773,66.98027503430959,-3467.3802234243904,17527.888192821854,988.1023521797257
5.294918537139893,-37.10460420339566,32.16757145095598,66.89493819721834,-3560.7934980060877,17548.44520007327,968.4798905269581
5.331795692443848,-37.548217041504216,32.426738426820364,66.84589338207321,-3635.2886914596966,17549.863812400614,945.8567349006132
5.373937368392944,-37.916346481134084,32.61710493626707,66.82827150436118,-3696.3450953729625,17539.93441706411,923.6895692678369
5.413647890090942,-38.21446159371944,32.74424268145498,66.8386012366447,-3739.3374693421397,17517.111486838967,908.6279034038602
5.451684951782227,-38.44817172991105,32.81354910797481,66.87289698480444,-3772.2402047064643,17484.225910073932,895.5302414815325
5.487918376922607,-38.621976714244106,32.8296301722523,66.92823178673115,-3791.5069272430933,17444.300415517595,888.4143480648233
5.533563852310181,-38.74116978132215,32.79694786334527,67.0020814753654,-3797.8742230296175,17395.810790708325,881.2399421653537
5.5749053955078125,-38.81025604987527,32.720136117606934,67.09200070986695,-3792.055642297662,17343.07170946633,874.5692928950098
5.615479707717896,-38.83359989598334,32.60337278740711,67.19593184759037,-3775.1471933000985,17284.316301605624,865.5844692579066
5.651592493057251,-38.815118041834694,32.450705272964264,67.31188147106266,-3749.8919595625257,17220.790636324098,868.0882232519997
5.684929847717285,-38.75891626017238,32.26574328547454,67.43822971324815,-3716.736883817752,17155.19637345221,865.0965466866047
5.734406471252441,-38.66772680317045,32.05104985282923,67.57371858837995,-3674.620506651491,17086.44595167099,866.5568480606398
5.775703430175781,-38.54544197942288,31.810353359408712,67.71681801725583,-3626.0325540885283,17012.52056957368,862.8034625388265
5.815786123275757,-38.39489866537382,31.54633188950684,67.86697963702791,-3572.6690472615355,16938.002351731015,870.8108420660997
5.851001977920532,-38.21884523314942,31.26189132173186,68.02273820292108,-3513.0598345610056,16862.473846999008,876.7008504579131
5.894792795181274,-38.020255655152866,30.959224267689237,68.18329680035768,-3447.337205096304,16786.30893139166,884.1508379377059
5.9351561069488525,-37.80138852255378,30.64076629204774,68.34788335694472,-3376.1896927387934,16708.188692589756,894.2952302981911
5.97548770904541,-37.56443200055822,30.30856571391424,68.51574986410655,-3299.1013539088945,16629.948506853605,905.8670833413922
6.013653993606567,-37.31181735123769,29.96460700514408,68.68586030828594,-3217.8760477489473,16550.066614665862,919.8804078577008
6.051157236099243,-37.04558874263956,29.611124102036875,68.85783358173452,-3134.1368928908287,16470.742162145878,936.1968963915525
6.094140768051148,-36.76772663331243,29.24934740037031,69.03130044864321,-3047.713097768559,16391.428513309063,947.2422561551598
6.136035203933716,-36.479527152145494,28.881091572739518,69.20559186702496,-2961.2409534381254,16312.405464833797,960.8076983706015
6.176356077194214,-36.18286864871227,28.507803452174294,69.38068224378625,-2874.1615735549112,16237.991058276748,975.5695198434814
6.211162567138672,-35.87925964940431,28.13026219712987,69.55561287211813,-2785.0307084202946,16160.975159000855,989.1556990611527
6.2523698806762695,-35.56985038595796,27.749845298999855,69.73007750575007,-2693.912209908039,16085.143225204334,1008.9495392222595
6.2961907386779785,-35.256066558790174,27.36757604822641,69.90377943271365,-2601.7395754384765,16013.322295001108,1023.3953418886031
6.333273649215698,-34.93897816560691,26.984757164541026,70.0767424741079,-2510.9114477835865,15939.16150445388,1038.9167160089987
6.368015766143799,-34.61931058559331,26.601716916328424,70.24836711512587,-2419.891710316669,15866.687131443503,1055.3556549877985
6.415050506591797,-34.29807790223639,26.219707234409157,70.41838380108238,-2329.495659287327,15793.138387961933,1072.4656863581813
6.456385850906372,-33.97657391169019,25.839007193579395,70.58684265855089,-2235.0033464887138,15721.163551456888,1089.509948462237
6.497128486633301,-33.65511825300963,25.460821055260492,70.75348095833279,-2142.5190582964315,15654.29342247777,1104.7784008978351
6.5353615283966064,-33.33464319357779,25.085381720860276,70.91804414861674,-2049.2409045447275,15586.610196635547,1124.801141301021
6.574998140335083,-33.01574068753706,24.713226134822303,71.08059688725035,-1955.8784103508085,15519.477707659142,1145.009862975942
6.610770225524902,-32.699295547367186,24.34456324350028,71.24057924253484,-1865.5159081294264,15454.341833957944,1164.6828227379137
6.656314134597778,-32.38554246964301,23.980218064434204,71.39807128418559,-1773.1105412988,15392.416660703868,1185.6732866779773
6.694013833999634,-32.07502013277866,23.62067864935222,71.55315058454785,-1684.8581827697344,15332.66835641747,1201.776821942547
6.733335256576538,-31.767939165243714,23.265795295534677,71.70589229675568,-1594.6217551162624,15272.071946647146,1220.1183175681554
6.766648530960083,-31.46481492479092,22.91604553256655,71.85574666699166,-1506.7275728543239,15217.346381571648,1235.2117977391158
6.816087007522583,-31.16583544752425,22.57158074749335,72.00342617905206,-1419.2972675239212,15157.071630469964,1251.827601263987
6.851152181625366,-30.87149420041149,22.232547620485427,72.14837600959181,-1331.8494617935505,15103.311344518848,1270.4163837740819
6.893825531005859,-30.581958012155855,21.899399550305187,72.2903698864874,-1246.7815362328197,15050.94448779064,1286.8389655589976
6.935817718505859,-30.297388522392847,21.5722645466474,72.42981113682286,-1164.5174312871525,14998.402406433433,1301.4429394571534
6.968515396118164,-30.017942343046563,21.250955361624694,72.56646797208886,-1082.199473169988,14946.686637011571,1320.697247861564
7.016752004623413,-29.74408249182517,20.935913136809077,72.70011581797493,-1001.7903734267245,14896.86091786367,1339.4455569160366
7.050641775131226,-29.475946298832305,20.627254007868164,72.83115964284895,-920.0245473867055,14848.274976795135,1356.6764089683218
7.098968982696533,-29.213355546843353,20.324779223557726,72.95936925305669,-843.014103824811,14801.855167599202,1369.2620315001504
7.136415481567383,-28.956448846386607,20.02860750018716,73.08483289509654,-766.3465201976793,14754.919337235911,1388.9264838697832
7.177319049835205,-28.705360496305623,19.738542587258046,73.20763606635916,-691.4118522489196,14711.032079425751,1406.017767266449
7.217740774154663,-28.460531892309003,19.45532817120064,73.32786160089687,-619.1210968590842,14669.195790054522,1421.0828993039415
7.255156755447388,-28.221145595714034,19.177817145472126,73.44527847846135,-548.4269919377448,14627.074317406705,1438.6361749697253
7.2931554317474365,-27.98765471338387,18.906454486086822,73.55966286940983,-480.96070505179,14585.548101778617,1452.8415774392856
7.337260723114014,-27.75987570262913,18.641360046138647,73.67173173055595,-411.76588646910125,14543.664789768078,1468.9704626529112
7.376965761184692,-27.53794201001696,18.38233867751732,73.78124587935801,-346.8416515433936,14503.863422922124,1481.5468063211133
7.421141862869263,-27.321982930173675,18.129512582338144,73.88797357812425,-280.5766577548044,14462.499554265207,1498.3073753886667
7.450567007064819,-27.11181246271283,17.882688888706,73.99200157443526,-218.21088356539437,14425.286974972936,1517.627812127494
7.494404554367065,-26.90787294333326,17.64199200300462,74.0934139144298,-157.5062964688255,14391.816311684095,1529.4677299550497
7.532955646514893,-26.70934785322358,17.407231189280967,74.19260329863373,-99.22048793355289,14355.74564757058,1545.421405420026
7.5762104988098145,-26.517002450179795,17.178221651057555,74.28932765938151,-40.60122707046183,14321.76273196344,1556.0848960364808
7.618044853210449,-26.33033308698469,16.955095617349805,74.38366373487524,15.539669204319651,14288.744252261004,1570.86763137219
7.656501531600952,-26.14916306705611,16.73766993169134,74.47568587382567,70.68007073058509,14257.687379163832,1584.5987974104632
7.692561864852905,-25.973632466256447,16.52576714063064,74.56515483924747,124.47759918493969,14223.208321039283,1598.4939570922245
7.73337984085083,-25.8035657308101,16.319526586494906,74.65215011125794,175.32432500349438,14188.370672896022,1612.7347684287918
7.777327299118042,-25.639415313423402,16.119083275288943,74.73705996555049,227.91890359732488,14158.32155490306,1628.2754102511303
7.819028854370117,-25.480063233184566,15.92332293131279,74.81963805061616,279.93465786936673,14130.701889969096,1637.8539559472663
7.856203079223633,-25.32598266097073,15.73272231538898,74.89995695301211,329.8643848528476,14101.825321869512,1650.6516950360144
7.898264169692993,-25.177009499900887,15.547120808900232,74.97808699936195,376.31005235308885,14074.937052954436,1662.5841680152766
7.933424949645996,-25.03329603159246,15.366674063519287,75.05440759634573,425.1386010233361,14050.099698520933,1671.437168135209
7.979708194732666,-24.894678528690687,15.191221617103585,75.12866380109611,469.5835649807853,14026.22222800666,1681.072913533647
8.017416715621948,-24.760998361089385,15.020296733854154,75.20060860636809,512.5205668991978,13999.664037520664,1692.1207049080408
8.058411836624146,-24.6321018371831,14.854069745674229,75.27062523189208,555.2727510698035,13975.831274425704,1703.384892706159
8.099493265151978,-24.50784005006849,14.692394413901924,75.3387736991518,594.7954344920064,13949.876684954283,1713.0222537052366
8.13395071029663,-24.388379997511827,14.535129052566464,75.4048008920723,633.4614082547911,13925.663797378214,1723.262310182224
8.180275201797485,-24.273572210606304,14.382447655478575,75.46908411106286,674.1921409613127,13902.111208960772,1733.2147490803382
8.21811580657959,-24.16296060476892,14.233584994568849,75.53167764300667,713.9663092807409,13882.09316533052,1742.7640159139107
8.252909421920776,-24.05672583007662,14.089044736772356,75.59263408477732,754.1210178606007,13860.737233845412,1751.6425187777238
8.299062967300415,-23.95504291374717,13.948692334231062,75.651693127268,793.5238552334166,13840.824222773892,1758.6571894600204
8.33361029624939,-23.85745889812591,13.812397427622086,75.70922510105716,827.3113101364826,13822.527105408706,1768.1304229675177
8.38065505027771,-23.76384619379329,13.680033715737336,75.76527754063974,861.6034022595196,13804.426001844515,1776.125962252118
8.417503595352173,-23.674392451521985,13.551478829126745,75.81927396401376,893.8631503091412,13787.946644938425,1784.8998095025825
8.459676265716553,-23.58896821294014,13.426614207678275,75.87190090670722,924.8074794935101,13767.591358584961,1788.7626550934979
8.498515129089355,-23.507136781380666,13.305324982011793,75.92320099755358,953.6057844895582,13747.99417900824,1795.6490710490068
8.531850576400757,-23.42878632180298,13.187499858567833,75.9732155383691,985.3674099709515,13735.574759640425,1805.1225471559053
8.575559377670288,-23.354119748611147,13.073031008275937,76.02167327713964,1016.3582793868245,13719.308672834673,1814.6435374220782
8.61851692199707,-23.282711124044415,12.961813958690913,76.06893394127368,1043.800971804144,13702.428334987802,1823.3390123503568
8.659272909164429,-23.215081572874542,12.853747489488832,76.11472352470791,1070.1093154645273,13686.820473977748,1828.4643824774284
8.700395584106445,-23.15080219488452,12.748733531217988,76.15908781835083,1096.9372131248679,13674.77999103136,1829.9128872667907
8.733529567718506,-23.08976870840665,12.646988335145773,76.2023824556437,1124.3307464157588,13661.091049736886,1835.6118021539871
8.778265237808228,-23.032191345790434,12.548098885579,76.24432946429766,1149.6265318228836,13646.73876534093,1844.9930493752006
8.819161176681519,-22.977651259831095,12.45228755868588,76.28497079232548,1173.574655519548,13631.245757050363,1852.6504552092756
8.860046863555908,-22.926365176597564,12.359458540986608,76.32434708196841,1196.9641091620376,13614.958799912098,1856.3654225917837
8.900981664657593,-22.87792054060014,12.269207733708338,76.36280897814375,1223.5474961990242,13599.24105858553,1861.5210935948255
8.93906569480896,-22.832228905847387,12.181766152121954,76.40007367564404,1244.9456767168192,13584.541716647496,1871.6833295833248
8.978963613510132,-22.78951584722042,12.096735085283512,76.43617843985943,1263.7168121708812,13574.657667490774,1876.5800899837752
9.019739866256714,-22.74968865047894,12.014350768439638,76.47115937618412,1286.0746484570934,13563.151417933854,1882.2271059740299
9.05345582962036,-22.712657487364215,11.934219548239941,76.50474019844314,1309.4796547432952,13550.073462046716,1885.4260940461745
9.10000705718994,-22.678335325759214,11.856582559969286,76.53758702337232,1328.1096574859298,13540.297370881744,1890.424240445078
9.133261442184448,-22.646949110283572,11.781673433156492,76.56972269819845,1345.5994854363194,13529.642761482683,1893.8972327540725
9.17961311340332,-22.6177849186571,11.709095989975667,76.60085809134752,1362.6694175374882,13518.354866684818,1898.7873331434337
9.220532178878784,-22.59077358606278,11.63846638446406,76.63102433860867,1381.2001294924166,13507.916356350754,1903.6186005199193
9.25906229019165,-22.566470635762407,11.570035253810548,76.66056287416717,1400.679250485251,13499.203467725822,1906.961035332435
9.302186727523804,-22.544169229076232,11.503734166117583,76.6891819692732,1417.591062904572,13491.166431378328,1909.9815435116066
9.332602739334106,-22.524118331696368,11.43918555205607,76.71691024332294,1434.4433659147762,13481.636464065965,1914.0597228274432
9.380489587783812,-22.506247892280417,11.376646129952388,76.74377542486427,1451.1757584054985,13469.508346148597,1919.4739188452247
9.415470600128174,-22.49080130750542,11.316053359804684,76.76980437932775,1468.8191556602026,13459.22069502293,1927.5832494061312
9.462509393692017,-22.477080595390234,11.257035380815154,76.79533440339476,1482.7695687738299,13450.65396924364,1932.3274875034854
9.499234914779665,-22.465654569922428,11.199854442051182,76.82006975976942,1497.655327256542,13443.630094836037,1935.6167292509235
9.532975673675535,-22.45614053728314,11.144453362135538,76.84403518399779,1512.0466131718742,13433.214148347275,1942.8811914048304
9.58134126663208,-22.448478983191205,11.090776739589522,76.86725464167658,1526.2389586308682,13425.861570446785,1948.1764364241753
9.622942686080933,-22.44292351332556,11.038770897427893,76.88975135242038,1536.4722198567433,13418.021939472239,1954.5830540810011
9.663349866867064,-22.439097304546827,10.988383829478623,76.91154781308262,1549.9665282549752,13411.702527456842,1954.813919460772
9.698798179626465,-22.436946530474515,10.939565148373749,76.93266582025376,1561.3288314838026,13404.677142786724,1957.8078789140095
9.741409063339232,-22.436730307608578,10.891954767733454,76.95281522463314,1573.5825326093109,13397.745928683657,1958.280760156372
9.782857656478882,-22.43869968698518,10.84613761178884,76.97233744317477,1585.7349562972233,13391.154967841787,1962.6920183380794
9.8237042427063,-22.442164103001037,10.80174659572372,76.99125199819332,1597.913761972886,13386.045358674763,1968.366671664558
9.86334490776062,-22.447077019972536,10.75842606091407,77.00988907173398,1608.0015101297129,13382.339864714697,1968.5420188125227
9.901458740234377,-22.453704618125354,10.716453954054717,77.02794603353354,1619.8296241698827,13377.566894676398,1975.7465511198154
9.9410560131073,-22.461993524962363,10.675788302867804,77.0451296732378,1628.73717475551,13374.312068242285,1977.4664107995707
9.982826948165894,-22.47189202930731,10.636388441546625,77.06177844195489,1636.6204204529424,13366.676303677816,1978.1366811965415
10.023107051849363,-22.483350029592323,10.598526237466391,77.07822025589128,1646.4060311944704,13360.118637613037,1981.4007342255386
